PSZ2 G000.04+45.13	  0.0405432	 45.1351750
PSZ2 G000.13+78.04	  0.1380577	 78.0421138
PSZ2 G000.40-41.86	  0.4029953	-41.8607926
PSZ2 G000.77-35.69	  0.7750496	-35.6993864
PSZ2 G002.04-22.15	  2.0457985	-22.1521656
PSZ2 G002.08-68.28	  2.0870160	-68.2815607
PSZ2 G002.42+69.64	  2.4274678	 69.6484581
PSZ2 G002.77-56.16	  2.7775114	-56.1683432
PSZ2 G002.82+39.23	  2.8277211	 39.2388777
PSZ2 G002.88-22.45	  2.8827173	-22.4553980
PSZ2 G003.21-76.04	  3.2102391	-76.0471306
PSZ2 G003.91-42.03	  3.9146570	-42.0359632
PSZ2 G003.93-59.41	  3.9317275	-59.4110211
PSZ2 G004.04+42.23	  4.0463876	 42.2369584
PSZ2 G004.13+56.81	  4.1342542	 56.8167246
PSZ2 G004.45-19.55	  4.4519807	-19.5561279
PSZ2 G005.91-28.26	  5.9148068	-28.2698851
PSZ2 G006.05+29.43	  6.0501470	 29.4313373
PSZ2 G006.16-69.49	  6.1652096	-69.4967470
PSZ2 G006.38+62.03	  6.3873240	 62.0323472
PSZ2 G006.49+50.56	  6.4985545	 50.5633108
PSZ2 G006.68-35.55	  6.6887278	-35.5551601
PSZ2 G006.76+30.45	  6.7683149	 30.4540352
PSZ2 G006.82-34.71	  6.8237547	-34.7132534
PSZ2 G006.84+50.69	  6.8443260	 50.6938664
PSZ2 G007.57-33.90	  7.5766904	-33.9026915
PSZ2 G007.67-43.18	  7.6718551	-43.1876720
PSZ2 G007.76-36.83	  7.7675376	-36.8354903
PSZ2 G008.31-64.74	  8.3180874	-64.7469108
PSZ2 G008.47-56.34	  8.4744770	-56.3420895
PSZ2 G008.70-31.44	  8.7077995	-31.4420676
PSZ2 G008.80-35.18	  8.8051298	-35.1896221
PSZ2 G008.94-81.22	  8.9464666	-81.2232194
PSZ2 G009.04+31.09	  9.0477339	 31.0970360
PSZ2 G009.45-56.93	  9.4592545	-56.9394852
PSZ2 G010.76-16.91	 10.7686948	-16.9184221
PSZ2 G011.06-63.84	 11.0661837	-63.8407903
PSZ2 G011.36+49.42	 11.3642368	 49.4235200
PSZ2 G011.36-72.93	 11.3690552	-72.9314128
PSZ2 G011.72-37.96	 11.7220629	-37.9615041
PSZ2 G011.92-63.53	 11.9221500	-63.5379984
PSZ2 G012.59-20.10	 12.5932251	-20.1076462
PSZ2 G012.81+49.68	 12.8139096	 49.6881922
PSZ2 G013.06-75.46	 13.0636031	-75.4675989
PSZ2 G013.74-45.53	 13.7460417	-45.5326185
PSZ2 G014.09+38.38	 14.0978298	 38.3878702
PSZ2 G014.33+60.23	 14.3374790	 60.2335825
PSZ2 G014.72-62.49	 14.7211121	-62.4963702
PSZ2 G015.75-28.66	 15.7507902	-28.6645921
PSZ2 G017.25-70.71	 17.2572847	-70.7167436
PSZ2 G017.72-51.40	 17.7262023	-51.4041786
PSZ2 G018.06-36.38	 18.0668783	-36.3828834
PSZ2 G018.18-60.00	 18.1852984	-60.0059259
PSZ2 G018.32-28.50	 18.3248409	-28.5072792
PSZ2 G018.54-25.69	 18.5408764	-25.6919135
PSZ2 G018.64-83.11	 18.6450265	-83.1147509
PSZ2 G018.73+23.56	 18.7303527	 23.5612415
PSZ2 G018.73-15.49	 18.7339812	-15.4910833
PSZ2 G018.76-61.65	 18.7618953	-61.6573028
PSZ2 G018.84+22.43	 18.8451973	 22.4311288
PSZ2 G018.92-33.64	 18.9254431	-33.6488761
PSZ2 G019.12+31.23	 19.1292545	 31.2364880
PSZ2 G019.48-80.97	 19.4876404	-80.9713640
PSZ2 G020.08+37.47	 20.0848235	 37.4744451
PSZ2 G020.21-36.84	 20.2142522	-36.8477461
PSZ2 G020.49-47.35	 20.4951181	-47.3570440
PSZ2 G020.66+37.99	 20.6698792	 37.9964159
PSZ2 G021.02-29.04	 21.0295736	-29.0438725
PSZ2 G021.08+38.00	 21.0822416	 38.0037494
PSZ2 G021.10+33.24	 21.1088106	 33.2418486
PSZ2 G021.36-43.02	 21.3695838	-43.0246277
PSZ2 G022.03+17.75	 22.0308562	 17.7541081
PSZ2 G022.12-38.81	 22.1232382	-38.8132279
PSZ2 G022.98+19.49	 22.9864987	 19.4921382
PSZ2 G023.05+20.52	 23.0556252	 20.5236967
PSZ2 G023.17+86.71	 23.1754108	 86.7197113
PSZ2 G023.40-15.26	 23.4085729	-15.2612952
PSZ2 G023.87-13.88	 23.8767079	-13.8847111
PSZ2 G024.44+22.76	 24.4430561	 22.7686066
PSZ2 G024.46-18.08	 24.4638475	-18.0885500
PSZ2 G025.02-41.49	 25.0209063	-41.4911738
PSZ2 G025.07-78.64	 25.0730162	-78.6489347
PSZ2 G025.13-75.88	 25.1332073	-75.8882932
PSZ2 G025.89-46.67	 25.8996795	-46.6797624
PSZ2 G026.09-25.62	 26.0905687	-25.6250294
PSZ2 G026.34-58.64	 26.3401772	-58.6420465
PSZ2 G026.73-38.94	 26.7343227	-38.9484514
PSZ2 G027.23+15.73	 27.2387210	 15.7383858
PSZ2 G027.28+23.79	 27.2885523	 23.7964654
PSZ2 G027.39+15.39	 27.3914099	 15.3981604
PSZ2 G027.77+10.88	 27.7773854	 10.8805549
PSZ2 G027.77-49.72	 27.7781386	-49.7275746
PSZ2 G027.81-45.93	 27.8125965	-45.9392274
PSZ2 G027.92+15.54	 27.9211884	 15.5445040
PSZ2 G027.99-69.85	 27.9981168	-69.8596213
PSZ2 G028.05+25.43	 28.0508937	 25.4362503
PSZ2 G028.08+10.79	 28.0826013	 10.7941475
PSZ2 G028.15-08.62	 28.1585667	 -8.6247124
PSZ2 G028.63+50.15	 28.6303272	 50.1566029
PSZ2 G028.77-33.56	 28.7759490	-33.5640644
PSZ2 G028.89+60.13	 28.8925084	 60.1362993
PSZ2 G029.06+44.55	 29.0671908	 44.5546532
PSZ2 G029.55-60.16	 29.5586511	-60.1678424
PSZ2 G029.66-47.63	 29.6689192	-47.6350624
PSZ2 G029.80-17.40	 29.8035954	-17.4010584
PSZ2 G029.87-17.81	 29.8770039	-17.8160537
PSZ2 G030.27-16.94	 30.2728054	-16.9475460
PSZ2 G030.70+09.44	 30.7040014	  9.4426262
PSZ2 G030.90+34.37	 30.9086721	 34.3722329
PSZ2 G031.37-71.95	 31.3747123	-71.9592674
PSZ2 G031.41-19.16	 31.4169161	-19.1637288
PSZ2 G031.93+78.71	 31.9350310	 78.7172319
PSZ2 G032.12-14.96	 32.1232095	-14.9639703
PSZ2 G032.13-44.36	 32.1312316	-44.3644376
PSZ2 G032.31+66.07	 32.3169523	 66.0758455
PSZ2 G032.77+19.69	 32.7786066	 19.6982408
PSZ2 G033.27-17.54	 33.2770532	-17.5401237
PSZ2 G033.46-48.43	 33.4638340	-48.4307392
PSZ2 G033.81+77.18	 33.8178000	 77.1829707
PSZ2 G033.83-46.57	 33.8329971	-46.5718181
PSZ2 G033.97-76.61	 33.9715071	-76.6177687
PSZ2 G034.38+51.57	 34.3804948	 51.5728127
PSZ2 G034.78+31.71	 34.7865125	 31.7145719
PSZ2 G035.89-61.39	 35.8946836	-61.3936680
PSZ2 G036.09-17.43	 36.0962639	-17.4326636
PSZ2 G036.36+16.01	 36.3644018	 16.0156231
PSZ2 G036.69-15.67	 36.6960246	-15.6776294
PSZ2 G036.73+14.93	 36.7365515	 14.9378534
PSZ2 G036.77-16.51	 36.7769605	-16.5116103
PSZ2 G036.80-14.95	 36.8080479	-14.9503281
PSZ2 G037.05-70.55	 37.0574406	-70.5547706
PSZ2 G037.25-16.27	 37.2512847	-16.2775479
PSZ2 G037.31-21.54	 37.3106153	-21.5450898
PSZ2 G037.48+71.52	 37.4812368	 71.5252689
PSZ2 G037.67+15.71	 37.6736979	 15.7154841
PSZ2 G037.69-46.87	 37.6929504	-46.8777548
PSZ2 G038.68+24.50	 38.6815299	 24.5003847
PSZ2 G038.95-46.90	 38.9552971	-46.9019908
PSZ2 G039.21-75.96	 39.2166259	-75.9646172
PSZ2 G039.32-59.88	 39.3224244	-59.8806002
PSZ2 G039.34+73.28	 39.3436825	 73.2889245
PSZ2 G039.85-39.96	 39.8539557	-39.9638560
PSZ2 G039.86+18.70	 39.8690344	 18.7049591
PSZ2 G039.98-53.12	 39.9837302	-53.1201324
PSZ2 G040.03+74.95	 40.0382152	 74.9543015
PSZ2 G040.11-42.58	 40.1185759	-42.5862249
PSZ2 G040.28+37.36	 40.2816245	 37.3635019
PSZ2 G040.58+77.12	 40.5844314	 77.1203591
PSZ2 G041.43-66.81	 41.4369013	-66.8127366
PSZ2 G041.45+29.10	 41.4516310	 29.1006256
PSZ2 G041.69+21.68	 41.6997924	 21.6860807
PSZ2 G042.19+63.00	 42.1966920	 63.0086092
PSZ2 G042.32+17.48	 42.3280433	 17.4855322
PSZ2 G042.53+35.20	 42.5323187	 35.2033984
PSZ2 G042.54+18.02	 42.5414972	 18.0237468
PSZ2 G042.81+56.61	 42.8117276	 56.6100857
PSZ2 G042.81-82.97	 42.8130097	-82.9734066
PSZ2 G043.44-41.27	 43.4483901	-41.2781735
PSZ2 G044.07-59.30	 44.0729912	-59.3048612
PSZ2 G044.20+48.66	 44.2036593	 48.6698970
PSZ2 G044.21+52.13	 44.2185981	 52.1365515
PSZ2 G044.46-65.42	 44.4635036	-65.4240555
PSZ2 G044.58-20.46	 44.5890757	-20.4642562
PSZ2 G044.77-51.30	 44.7720505	-51.3032814
PSZ2 G044.83+10.02	 44.8389625	 10.0217292
PSZ2 G045.04+30.38	 45.0422521	 30.3817681
PSZ2 G045.10-43.18	 45.1001163	-43.1806085
PSZ2 G045.13+67.78	 45.1386404	 67.7873847
PSZ2 G045.20+15.63	 45.2065257	 15.6301546
PSZ2 G045.32-38.46	 45.3229375	-38.4690489
PSZ2 G045.47+17.80	 45.4797803	 17.8003587
PSZ2 G045.50-08.62	 45.5038963	 -8.6229450
PSZ2 G045.50-37.21	 45.5074058	-37.2178194
PSZ2 G045.51+16.26	 45.5184946	 16.2623979
PSZ2 G045.87+57.70	 45.8755679	 57.7092154
PSZ2 G045.96-26.94	 45.9601039	-26.9432068
PSZ2 G046.10+27.18	 46.1055999	 27.1804284
PSZ2 G046.13+30.72	 46.1371980	 30.7299361
PSZ2 G046.26-70.47	 46.2689778	-70.4729212
PSZ2 G046.36-06.83	 46.3624806	 -6.8300214
PSZ2 G046.39+11.71	 46.3997871	 11.7192839
PSZ2 G046.47-49.44	 46.4742942	-49.4444613
PSZ2 G046.88+56.48	 46.8872887	 56.4836198
PSZ2 G047.48+37.37	 47.4879728	 37.3721494
PSZ2 G047.53+08.55	 47.5387818	  8.5518074
PSZ2 G047.71-59.47	 47.7163339	-59.4777535
PSZ2 G047.73-60.15	 47.7362968	-60.1558941
PSZ2 G048.08-46.63	 48.0817471	-46.6301243
PSZ2 G048.09+27.18	 48.0935237	 27.1883305
PSZ2 G048.10+57.16	 48.1074565	 57.1646208
PSZ2 G048.21-65.00	 48.2197706	-65.0097752
PSZ2 G048.24-51.59	 48.2477087	-51.5939796
PSZ2 G048.39-16.78	 48.3967831	-16.7819708
PSZ2 G048.47+34.86	 48.4711178	 34.8603694
PSZ2 G048.75+53.18	 48.7574930	 53.1809116
PSZ2 G048.91-25.55	 48.9110188	-25.5517060
PSZ2 G049.09+25.23	 49.0933707	 25.2393398
PSZ2 G049.18+65.05	 49.1892221	 65.0573954
PSZ2 G049.22+30.87	 49.2211470	 30.8754373
PSZ2 G049.32+44.37	 49.3231322	 44.3711510
PSZ2 G049.69-49.46	 49.6970295	-49.4642645
PSZ2 G049.80-25.16	 49.8038065	-25.1682865
PSZ2 G050.06-27.32	 50.0678122	-27.3229965
PSZ2 G050.40+31.17	 50.4045287	 31.1722665
PSZ2 G050.46+67.54	 50.4634662	 67.5490111
PSZ2 G050.98-61.48	 50.9818195	-61.4888966
PSZ2 G051.40-61.15	 51.4037336	-61.1598891
PSZ2 G051.48-30.87	 51.4858874	-30.8745271
PSZ2 G052.08+46.13	 52.0875144	 46.1355040
PSZ2 G052.35-31.98	 52.3571566	-31.9879982
PSZ2 G052.93+10.42	 52.9364388	 10.4248439
PSZ2 G053.44-36.25	 53.4402866	-36.2560745
PSZ2 G053.53+59.52	 53.5338319	 59.5268185
PSZ2 G053.55-29.85	 53.5534088	-29.8555124
PSZ2 G053.63-41.84	 53.6334360	-41.8413654
PSZ2 G053.64-34.48	 53.6404385	-34.4804653
PSZ2 G053.80+36.49	 53.8047366	 36.4941559
PSZ2 G053.88-64.60	 53.8836047	-64.6032114
PSZ2 G053.99-45.06	 53.9984313	-45.0662082
PSZ2 G054.85+54.30	 54.8513128	 54.3011353
PSZ2 G054.95-33.39	 54.9563140	-33.3913723
PSZ2 G054.99+53.41	 54.9979718	 53.4152473
PSZ2 G055.59+31.85	 55.5929730	 31.8598913
PSZ2 G055.80+32.90	 55.8085731	 32.9068123
PSZ2 G055.95-34.89	 55.9541984	-34.8961995
PSZ2 G056.14+28.06	 56.1418110	 28.0651151
PSZ2 G056.38+23.36	 56.3839083	 23.3620926
PSZ2 G056.62+88.42	 56.6223104	 88.4220886
PSZ2 G056.77+36.32	 56.7737096	 36.3204549
PSZ2 G056.79-11.60	 56.7958131	-11.6077246
PSZ2 G056.93-55.08	 56.9350518	-55.0841145
PSZ2 G057.08-74.45	 57.0890341	-74.4596042
PSZ2 G057.09+11.19	 57.0969134	 11.1958255
PSZ2 G057.25-45.34	 57.2541666	-45.3497489
PSZ2 G057.61+34.93	 57.6183292	 34.9375338
PSZ2 G057.73+51.58	 57.7330617	 51.5801684
PSZ2 G057.78+52.32	 57.7830821	 52.3282080
PSZ2 G057.80+88.00	 57.8027624	 88.0018408
PSZ2 G057.92+27.64	 57.9210909	 27.6437242
PSZ2 G057.92-07.40	 57.9269505	 -7.4011750
PSZ2 G058.29+18.55	 58.2969213	 18.5507161
PSZ2 G058.31+41.96	 58.3133792	 41.9689485
PSZ2 G058.42-33.50	 58.4210991	-33.5004322
PSZ2 G058.81-49.68	 58.8157971	-49.6855140
PSZ2 G059.18+32.91	 59.1813042	 32.9130264
PSZ2 G059.29+44.49	 59.2906137	 44.4958494
PSZ2 G059.47+33.06	 59.4779157	 33.0685667
PSZ2 G059.52+16.23	 59.5259182	 16.2338272
PSZ2 G059.72-46.21	 59.7206478	-46.2108609
PSZ2 G059.76+14.59	 59.7679866	 14.5972781
PSZ2 G059.81-39.09	 59.8181957	-39.0962307
PSZ2 G060.00-18.68	 60.0038694	-18.6829047
PSZ2 G060.10+15.59	 60.1039779	 15.5908085
PSZ2 G060.13+11.44	 60.1314129	 11.4401735
PSZ2 G060.16+64.50	 60.1662320	 64.5003076
PSZ2 G060.55+27.00	 60.5523135	 27.0036554
PSZ2 G061.47-14.69	 61.4742912	-14.6900683
PSZ2 G061.75+88.11	 61.7558316	 88.1182936
PSZ2 G062.44-46.43	 62.4428552	-46.4303327
PSZ2 G062.46-21.35	 62.4623094	-21.3540481
PSZ2 G062.94+43.69	 62.9466477	 43.6960098
PSZ2 G063.38+53.44	 63.3836910	 53.4469996
PSZ2 G063.80+11.42	 63.8078868	 11.4211734
PSZ2 G063.91-16.75	 63.9124296	-16.7518474
PSZ2 G064.11-53.72	 64.1165567	-53.7223295
PSZ2 G064.98+16.71	 64.9836902	 16.7160522
PSZ2 G065.28+44.53	 65.2864110	 44.5337598
PSZ2 G065.32-64.84	 65.3233478	-64.8421242
PSZ2 G065.35-08.01	 65.3520230	 -8.0163360
PSZ2 G065.45+78.10	 65.4512576	 78.1082001
PSZ2 G065.79+41.80	 65.7915036	 41.8053926
PSZ2 G065.81-83.77	 65.8120569	-83.7700217
PSZ2 G065.89+31.59	 65.8919619	 31.5966165
PSZ2 G066.01-23.30	 66.0103906	-23.3021832
PSZ2 G066.19+12.86	 66.1960146	 12.8641465
PSZ2 G066.26+20.82	 66.2653137	 20.8242061
PSZ2 G066.34+26.14	 66.3414842	 26.1479342
PSZ2 G066.41+27.03	 66.4102776	 27.0375677
PSZ2 G066.59-58.51	 66.5947610	-58.5199773
PSZ2 G066.68+68.44	 66.6834986	 68.4490074
PSZ2 G066.76-08.42	 66.7646201	 -8.4290118
PSZ2 G066.85+22.48	 66.8580580	 22.4877260
PSZ2 G067.17+67.46	 67.1791543	 67.4632875
PSZ2 G067.21-20.49	 67.2163014	-20.4920727
PSZ2 G067.36+10.74	 67.3653635	 10.7495609
PSZ2 G067.52+34.75	 67.5258567	 34.7588830
PSZ2 G067.72-24.13	 67.7222067	-24.1320922
PSZ2 G067.89-32.29	 67.8939518	-32.2966135
PSZ2 G068.22+15.18	 68.2276833	 15.1874027
PSZ2 G068.36+81.81	 68.3679891	 81.8120480
PSZ2 G068.49-39.12	 68.4955649	-39.1289784
PSZ2 G068.61-46.60	 68.6133764	-46.6061031
PSZ2 G069.35-15.58	 69.3586669	-15.5895903
PSZ2 G069.39+68.05	 69.3906940	 68.0503867
PSZ2 G069.47-29.06	 69.4798880	-29.0661341
PSZ2 G069.66-79.26	 69.6696371	-79.2622303
PSZ2 G069.92-18.90	 69.9217334	-18.9037069
PSZ2 G070.08-31.79	 70.0892384	-31.7903740
PSZ2 G070.89+49.26	 70.8991421	 49.2638173
PSZ2 G071.21+28.86	 71.2157187	 28.8645818
PSZ2 G071.39+59.54	 71.3901344	 59.5492238
PSZ2 G071.63+29.78	 71.6310625	 29.7844922
PSZ2 G071.67-42.76	 71.6743864	-42.7605179
PSZ2 G071.82-56.55	 71.8250809	-56.5555056
PSZ2 G072.40-78.45	 72.4021452	-78.4592739
PSZ2 G072.59-43.25	 72.5996994	-43.2594359
PSZ2 G072.62+41.46	 72.6266714	 41.4661824
PSZ2 G072.79-18.73	 72.7911933	-18.7338382
PSZ2 G072.80-41.12	 72.8019521	-41.1272189
PSZ2 G072.96-12.26	 72.9683954	-12.2663736
PSZ2 G073.31+67.52	 73.3158276	 67.5260461
PSZ2 G073.38-80.01	 73.3890098	-80.0111675
PSZ2 G073.64+36.50	 73.6404631	 36.5010929
PSZ2 G073.82-54.92	 73.8271118	-54.9215741
PSZ2 G073.97-27.82	 73.9782227	-27.8253487
PSZ2 G074.08-54.68	 74.0892250	-54.6882782
PSZ2 G074.37+71.11	 74.3763682	 71.1155703
PSZ2 G074.75-24.59	 74.7590637	-24.5990176
PSZ2 G075.08+19.83	 75.0888936	 19.8364241
PSZ2 G075.11-58.83	 75.1128607	-58.8394662
PSZ2 G075.30+37.21	 75.3037686	 37.2128100
PSZ2 G075.71+13.51	 75.7142316	 13.5198310
PSZ2 G075.85+15.53	 75.8559648	 15.5343202
PSZ2 G076.18-47.30	 76.1811569	-47.3008179
PSZ2 G076.44+23.53	 76.4404241	 23.5391585
PSZ2 G076.51+21.73	 76.5127364	 21.7389883
PSZ2 G076.55+60.29	 76.5568663	 60.2918151
PSZ2 G076.81-32.57	 76.8163167	-32.5764053
PSZ2 G077.20-65.45	 77.2035225	-65.4591744
PSZ2 G077.67+30.59	 77.6713547	 30.5908658
PSZ2 G077.70+26.70	 77.7021475	 26.7074294
PSZ2 G077.90-26.63	 77.9023215	-26.6302603
PSZ2 G078.10-83.83	 78.1077229	-83.8347155
PSZ2 G078.36-47.22	 78.3660094	-47.2256180
PSZ2 G078.67+20.06	 78.6771061	 20.0687735
PSZ2 G079.35+28.35	 79.3522607	 28.3589098
PSZ2 G079.36+38.06	 79.3624523	 38.0639620
PSZ2 G079.88+14.97	 79.8834678	 14.9754263
PSZ2 G080.16+57.65	 80.1649263	 57.6598534
PSZ2 G080.37+14.64	 80.3795969	 14.6452902
PSZ2 G080.41-33.24	 80.4111341	-33.2420346
PSZ2 G080.55-24.82	 80.5539328	-24.8201928
PSZ2 G080.64+64.31	 80.6465980	 64.3153298
PSZ2 G080.65-46.81	 80.6534208	-46.8191305
PSZ2 G080.70+48.31	 80.7009168	 48.3176584
PSZ2 G081.00-50.93	 81.0016589	-50.9303607
PSZ2 G081.02+50.57	 81.0268538	 50.5737943
PSZ2 G081.22-41.95	 81.2288398	-41.9523145
PSZ2 G081.31-68.56	 81.3100330	-68.5638410
PSZ2 G081.56+26.51	 81.5644441	 26.5183100
PSZ2 G081.60+18.47	 81.6037810	 18.4752600
PSZ2 G081.72+70.15	 81.7287405	 70.1541373
PSZ2 G082.06+27.23	 82.0632003	 27.2338116
PSZ2 G082.31-67.00	 82.3131920	-67.0061153
PSZ2 G082.37+22.35	 82.3720031	 22.3564799
PSZ2 G082.88-75.10	 82.8868932	-75.1053159
PSZ2 G083.14+66.57	 83.1455184	 66.5756374
PSZ2 G083.29-31.03	 83.2992326	-31.0363487
PSZ2 G083.56+24.90	 83.5619544	 24.9089651
PSZ2 G083.85-55.43	 83.8592628	-55.4394855
PSZ2 G083.86+85.09	 83.8655395	 85.0914618
PSZ2 G084.10+58.72	 84.1031109	 58.7283204
PSZ2 G084.13-35.41	 84.1385869	-35.4141167
PSZ2 G084.15-08.63	 84.1566026	 -8.6352937
PSZ2 G084.19-47.48	 84.1973880	-47.4810802
PSZ2 G084.41-12.43	 84.4160360	-12.4320874
PSZ2 G084.47+12.63	 84.4739150	 12.6325212
PSZ2 G084.50+31.35	 84.5099852	 31.3526968
PSZ2 G084.62-15.86	 84.6258321	-15.8614844
PSZ2 G084.69+42.28	 84.6913445	 42.2845984
PSZ2 G084.69-58.60	 84.6919483	-58.6006282
PSZ2 G084.81-62.18	 84.8114789	-62.1819129
PSZ2 G084.82+20.66	 84.8231426	 20.6636762
PSZ2 G084.85+35.05	 84.8534994	 35.0550867
PSZ2 G085.23+39.42	 85.2366660	 39.4200028
PSZ2 G085.72+10.66	 85.7225283	 10.6674523
PSZ2 G085.82+35.44	 85.8218276	 35.4451223
PSZ2 G085.95+25.23	 85.9559787	 25.2357349
PSZ2 G085.98+26.69	 85.9814400	 26.6908498
PSZ2 G086.07-41.99	 86.0743923	-41.9961788
PSZ2 G086.28+74.76	 86.2890310	 74.7693697
PSZ2 G086.35-13.94	 86.3502021	-13.9475835
PSZ2 G086.43-24.95	 86.4322846	-24.9580230
PSZ2 G086.47+15.31	 86.4703383	 15.3142174
PSZ2 G086.54-26.67	 86.5412530	-26.6763476
PSZ2 G086.58+73.11	 86.5828029	 73.1112844
PSZ2 G086.62+30.26	 86.6215285	 30.2642125
PSZ2 G086.73-61.16	 86.7318594	-61.1653779
PSZ2 G086.85-81.39	 86.8586712	-81.3969243
PSZ2 G086.93+53.18	 86.9379555	 53.1899104
PSZ2 G087.03-57.37	 87.0372645	-57.3741175
PSZ2 G087.03+22.49	 87.0382276	 22.4931901
PSZ2 G087.25-41.86	 87.2535395	-41.8615431
PSZ2 G087.39-34.58	 87.3911313	-34.5892183
PSZ2 G087.39+50.92	 87.3967392	 50.9292507
PSZ2 G087.44-21.56	 87.4480760	-21.5616054
PSZ2 G088.53+41.18	 88.5371804	 41.1866912
PSZ2 G088.83-12.99	 88.8392938	-12.9913911
PSZ2 G088.98+55.07	 88.9883354	 55.0755899
PSZ2 G089.06-11.79	 89.0624498	-11.7910127
PSZ2 G089.39+69.36	 89.3915787	 69.3656104
PSZ2 G089.46-58.09	 89.4688679	-58.0972011
PSZ2 G089.52+62.34	 89.5248507	 62.3498930
PSZ2 G089.81-39.56	 89.8142008	-39.5662897
PSZ2 G089.99-43.91	 89.9938876	-43.9176252
PSZ2 G090.04+34.09	 90.0422786	 34.0986999
PSZ2 G090.12-13.87	 90.1228072	-13.8706637
PSZ2 G090.62+33.52	 90.6205438	 33.5264224
PSZ2 G090.66-52.34	 90.6682335	-52.3462460
PSZ2 G091.27-38.62	 91.2746524	-38.6201665
PSZ2 G091.40-51.01	 91.4089716	-51.0136179
PSZ2 G091.56+08.50	 91.5625457	  8.5063959
PSZ2 G091.79-27.00	 91.7954481	-27.0029248
PSZ2 G091.83+26.11	 91.8302473	 26.1165782
PSZ2 G092.11-33.73	 92.1185150	-33.7354272
PSZ2 G092.16-66.01	 92.1605088	-66.0160632
PSZ2 G092.30-55.75	 92.3034643	-55.7584657
PSZ2 G092.34+14.22	 92.3466064	 14.2217581
PSZ2 G092.46-35.22	 92.4651628	-35.2239689
PSZ2 G092.64+20.78	 92.6450479	 20.7863942
PSZ2 G092.69+59.92	 92.6965758	 59.9273294
PSZ2 G092.71+73.46	 92.7196201	 73.4601808
PSZ2 G093.04-32.38	 93.0485686	-32.3874140
PSZ2 G093.41-16.26	 93.4198646	-16.2689325
PSZ2 G093.42-43.21	 93.4236023	-43.2185580
PSZ2 G093.71-30.90	 93.7137838	-30.9053034
PSZ2 G093.92+34.92	 93.9295963	 34.9297067
PSZ2 G093.93-82.22	 93.9372860	-82.2233802
PSZ2 G093.94+13.75	 93.9405278	 13.7579244
PSZ2 G093.94-38.82	 93.9407018	-38.8229433
PSZ2 G094.00+27.41	 94.0084943	 27.4184999
PSZ2 G094.31-11.31	 94.3199537	-11.3198321
PSZ2 G094.44+36.13	 94.4402171	 36.1349547
PSZ2 G094.46-69.65	 94.4637838	-69.6584039
PSZ2 G094.56+51.03	 94.5683627	 51.0302410
PSZ2 G094.61-41.24	 94.6138438	-41.2464458
PSZ2 G094.69+26.36	 94.6976945	 26.3630710
PSZ2 G095.00-37.14	 95.0008446	-37.1470595
PSZ2 G095.22+67.41	 95.2280137	 67.4145110
PSZ2 G095.29+44.13	 95.2928120	 44.1318160
PSZ2 G095.39+14.43	 95.3926386	 14.4324399
PSZ2 G095.49+16.41	 95.4955181	 16.4183516
PSZ2 G095.65-50.01	 95.6598319	-50.0175666
PSZ2 G095.75-11.16	 95.7585548	-11.1607677
PSZ2 G096.10+12.46	 96.1005340	 12.4636094
PSZ2 G096.14+56.24	 96.1489481	 56.2469285
PSZ2 G096.43-20.89	 96.4322258	-20.8930111
PSZ2 G096.77-50.29	 96.7762195	-50.2933833
PSZ2 G096.78-50.20	 96.7833895	-50.2007035
PSZ2 G096.83+52.49	 96.8396826	 52.4911687
PSZ2 G096.88+24.18	 96.8836800	 24.1808146
PSZ2 G096.99-53.64	 96.9935698	-53.6443151
PSZ2 G097.15+39.20	 97.1502866	 39.2089863
PSZ2 G097.37-17.11	 97.3783518	-17.1187129
PSZ2 G097.52+51.70	 97.5232026	 51.7068405
PSZ2 G097.52-14.89	 97.5268915	-14.8934827
PSZ2 G097.72+38.12	 97.7275344	 38.1276663
PSZ2 G097.78+46.95	 97.7834114	 46.9561037
PSZ2 G097.94+19.43	 97.9441381	 19.4370600
PSZ2 G098.10+30.30	 98.1049473	 30.3094534
PSZ2 G098.30-41.15	 98.3044922	-41.1577557
PSZ2 G098.38+77.22	 98.3892912	 77.2278685
PSZ2 G098.39+57.68	 98.3958623	 57.6854974
PSZ2 G098.44+56.59	 98.4464535	 56.5934184
PSZ2 G098.62+51.76	 98.6207444	 51.7650135
PSZ2 G098.64+23.20	 98.6458814	 23.2099160
PSZ2 G098.67-07.04	 98.6794065	 -7.0425204
PSZ2 G098.75-28.63	 98.7590712	-28.6349764
PSZ2 G098.97+24.86	 98.9712834	 24.8618821
PSZ2 G099.24+42.54	 99.2491406	 42.5433047
PSZ2 G099.30+20.92	 99.3096979	 20.9227893
PSZ2 G099.38+25.19	 99.3826708	 25.1979681
PSZ2 G099.48+55.60	 99.4845451	 55.6051528
PSZ2 G099.48+37.72	 99.4885929	 37.7296316
PSZ2 G099.55+34.23	 99.5507463	 34.2377751
PSZ2 G099.57-58.64	 99.5754018	-58.6401340
PSZ2 G099.62+14.86	 99.6281335	 14.8625238
PSZ2 G099.86+58.45	 99.8667429	 58.4569136
PSZ2 G100.04+23.73	100.0451029	 23.7374318
PSZ2 G100.07+17.06	100.0793569	 17.0656339
PSZ2 G100.14+41.67	100.1422702	 41.6759005
PSZ2 G100.22-29.64	100.2261841	-29.6408217
PSZ2 G100.22+33.81	100.2264673	 33.8120793
PSZ2 G100.38+16.73	100.3875249	 16.7362149
PSZ2 G100.45+16.79	100.4534962	 16.7916723
PSZ2 G100.45-38.42	100.4586440	-38.4286844
PSZ2 G100.80+24.61	100.8070494	 24.6189845
PSZ2 G100.96-24.07	100.9617768	-24.0749180
PSZ2 G101.36+32.39	101.3692485	 32.3927365
PSZ2 G101.52-29.98	101.5219421	-29.9856871
PSZ2 G101.55-59.03	101.5536500	-59.0336349
PSZ2 G101.68-49.21	101.6800358	-49.2136533
PSZ2 G102.90-31.04	102.9033841	-31.0433694
PSZ2 G102.98-04.77	102.9833057	 -4.7721816
PSZ2 G103.40-32.99	103.4032438	-32.9905254
PSZ2 G103.56+24.78	103.5694571	 24.7890593
PSZ2 G104.15-38.85	104.1509136	-38.8533335
PSZ2 G104.29+26.17	104.2957363	 26.1785409
PSZ2 G104.30-48.99	104.3044199	-48.9948824
PSZ2 G104.52+39.39	104.5252809	 39.3990387
PSZ2 G104.58-15.41	104.5835560	-15.4109037
PSZ2 G104.71-54.54	104.7193521	-54.5477044
PSZ2 G104.74+40.42	104.7472552	 40.4237447
PSZ2 G104.98-54.79	104.9864757	-54.7958440
PSZ2 G105.00+39.68	105.0072134	 39.6854214
PSZ2 G105.25-17.93	105.2522266	-17.9324555
PSZ2 G105.40-50.43	105.4077072	-50.4399455
PSZ2 G105.55+77.21	105.5588729	 77.2139960
PSZ2 G105.76+54.73	105.7618593	 54.7387215
PSZ2 G105.82-38.36	105.8236057	-38.3628586
PSZ2 G105.94-16.14	105.9461382	-16.1463064
PSZ2 G106.11+24.11	106.1174317	 24.1180335
PSZ2 G106.15+25.75	106.1596355	 25.7546337
PSZ2 G106.21+26.32	106.2152081	 26.3251132
PSZ2 G106.41+50.82	106.4174655	 50.8277747
PSZ2 G106.48-10.42	106.4838433	-10.4272374
PSZ2 G106.61+66.71	106.6139625	 66.7178829
PSZ2 G106.87-83.23	106.8791627	-83.2388725
PSZ2 G107.10+65.32	107.1023887	 65.3225124
PSZ2 G107.11-39.50	107.1117578	-39.5061594
PSZ2 G107.39-31.48	107.3955170	-31.4884425
PSZ2 G107.41-09.57	107.4100124	 -9.5798421
PSZ2 G107.66-58.32	107.6615988	-58.3275805
PSZ2 G107.67-39.78	107.6788750	-39.7861976
PSZ2 G107.83-45.45	107.8356072	-45.4514895
PSZ2 G108.13-09.21	108.1392878	 -9.2172496
PSZ2 G108.17-11.56	108.1709608	-11.5638012
PSZ2 G108.24+58.11	108.2471101	 58.1124190
PSZ2 G108.27+48.66	108.2733321	 48.6626499
PSZ2 G108.71-47.75	108.7113672	-47.7599159
PSZ2 G109.14-28.02	109.1461770	-28.0264612
PSZ2 G109.22-44.01	109.2296215	-44.0165214
PSZ2 G109.52-19.16	109.5204210	-19.1680377
PSZ2 G109.86+27.94	109.8639296	 27.9411591
PSZ2 G109.97+52.84	109.9703612	 52.8475351
PSZ2 G109.99-70.28	109.9939948	-70.2839400
PSZ2 G110.28-87.48	110.2892005	-87.4822201
PSZ2 G110.69-46.25	110.6954415	-46.2524111
PSZ2 G110.98+31.73	110.9890425	 31.7368592
PSZ2 G111.61-45.71	111.6127212	-45.7149648
PSZ2 G111.75+70.37	111.7561358	 70.3751368
PSZ2 G112.07-39.86	112.0745540	-39.8673031
PSZ2 G112.35-32.86	112.3533611	-32.8673468
PSZ2 G112.48+56.99	112.4803306	 56.9944456
PSZ2 G112.54+59.53	112.5421471	 59.5332365
PSZ2 G112.69+33.37	112.6956678	 33.3784234
PSZ2 G113.02-64.68	113.0210546	-64.6848295
PSZ2 G113.27+48.39	113.2713214	 48.3986986
PSZ2 G113.29-29.69	113.2930896	-29.6952373
PSZ2 G113.81+44.35	113.8153338	 44.3531166
PSZ2 G113.91-37.01	113.9114498	-37.0169982
PSZ2 G114.14+58.96	114.1463263	 58.9647781
PSZ2 G114.31+64.89	114.3111087	 64.8981280
PSZ2 G114.39-60.16	114.3978598	-60.1679778
PSZ2 G114.39-20.98	114.3980659	-20.9894530
PSZ2 G114.79-33.71	114.7919018	-33.7178899
PSZ2 G114.81-11.80	114.8183759	-11.8082043
PSZ2 G114.83+57.25	114.8382733	 57.2548271
PSZ2 G114.90-34.35	114.9038080	-34.3528009
PSZ2 G114.98+19.10	114.9858249	 19.1039068
PSZ2 G114.99+70.36	114.9911114	 70.3631515
PSZ2 G115.25-72.07	115.2561132	-72.0757029
PSZ2 G115.34-54.89	115.3488221	-54.8909339
PSZ2 G115.58-44.56	115.5844186	-44.5631077
PSZ2 G115.65+41.66	115.6590451	 41.6611654
PSZ2 G115.67-27.57	115.6748407	-27.5764610
PSZ2 G115.72+44.03	115.7251335	 44.0383186
PSZ2 G116.05+20.00	116.0566532	 20.0008339
PSZ2 G116.24-72.94	116.2492186	-72.9437932
PSZ2 G116.32-36.33	116.3265500	-36.3300178
PSZ2 G116.50-44.47	116.5005209	-44.4769710
PSZ2 G116.79-09.85	116.7974204	 -9.8556325
PSZ2 G116.95-53.55	116.9554709	-53.5513715
PSZ2 G117.11+11.48	117.1184220	 11.4881988
PSZ2 G117.38-52.47	117.3807078	-52.4751506
PSZ2 G117.98-55.88	117.9847975	-55.8849162
PSZ2 G118.03+31.10	118.0394045	 31.1044059
PSZ2 G118.34+68.79	118.3452325	 68.7976343
PSZ2 G118.39+42.22	118.3925079	 42.2286737
PSZ2 G118.46+39.32	118.4661739	 39.3261393
PSZ2 G118.49+48.17	118.4908824	 48.1767848
PSZ2 G118.56-13.14	118.5692700	-13.1474473
PSZ2 G118.58+28.57	118.5822088	 28.5754689
PSZ2 G118.79+47.50	118.7967994	 47.5088157
PSZ2 G118.92+52.38	118.9297437	 52.3866755
PSZ2 G119.30-64.68	119.3079686	-64.6857667
PSZ2 G119.38+46.85	119.3876757	 46.8577194
PSZ2 G119.92+59.12	119.9265079	 59.1269714
PSZ2 G120.08-44.41	120.0823891	-44.4171530
PSZ2 G120.30+44.47	120.3017933	 44.4759513
PSZ2 G120.36+26.03	120.3660748	 26.0349321
PSZ2 G120.75+25.39	120.7500674	 25.3901329
PSZ2 G120.76+44.14	120.7604530	 44.1488656
PSZ2 G121.03+57.02	121.0373178	 57.0237169
PSZ2 G121.13+49.64	121.1388547	 49.6445243
PSZ2 G121.77+51.75	121.7784865	 51.7529448
PSZ2 G121.87-45.97	121.8712429	-45.9777966
PSZ2 G122.30+54.52	122.3078423	 54.5281161
PSZ2 G122.47-38.41	122.4781119	-38.4176997
PSZ2 G122.81+24.74	122.8172758	 24.7461062
PSZ2 G122.89-36.82	122.8927305	-36.8207820
PSZ2 G123.00-35.52	123.0013524	-35.5256514
PSZ2 G123.35+25.39	123.3572060	 25.3903163
PSZ2 G123.42+30.63	123.4232847	 30.6310752
PSZ2 G123.55-10.36	123.5530347	-10.3646159
PSZ2 G123.66+67.25	123.6606569	 67.2540135
PSZ2 G123.72+34.68	123.7206285	 34.6880827
PSZ2 G123.84+25.75	123.8468962	 25.7545078
PSZ2 G124.11+25.02	124.1182321	 25.0270253
PSZ2 G124.20-36.48	124.2047390	-36.4820955
PSZ2 G124.56+25.38	124.5614552	 25.3808781
PSZ2 G125.11+28.14	125.1135270	 28.1407892
PSZ2 G125.25+33.33	125.2549596	 33.3345513
PSZ2 G125.30-27.99	125.3008587	-27.9903043
PSZ2 G125.37-08.67	125.3745509	 -8.6746594
PSZ2 G125.41+27.95	125.4170400	 27.9549577
PSZ2 G125.55+32.72	125.5560754	 32.7265450
PSZ2 G125.68-64.12	125.6844693	-64.1279861
PSZ2 G125.71+53.86	125.7115460	 53.8654210
PSZ2 G125.84-18.72	125.8426335	-18.7274774
PSZ2 G126.07-49.55	126.0730660	-49.5562556
PSZ2 G126.20-33.17	126.2080169	-33.1742655
PSZ2 G126.28+65.62	126.2835861	 65.6257152
PSZ2 G126.36-19.11	126.3647460	-19.1184817
PSZ2 G126.57+51.61	126.5713106	 51.6186108
PSZ2 G126.61-37.63	126.6119816	-37.6347205
PSZ2 G126.62-53.42	126.6222542	-53.4268282
PSZ2 G126.72-21.03	126.7254584	-21.0395875
PSZ2 G126.72-72.82	126.7289798	-72.8261054
PSZ2 G127.01+26.21	127.0146893	 26.2173083
PSZ2 G127.35-10.69	127.3568827	-10.6912215
PSZ2 G127.44-34.74	127.4438042	-34.7460044
PSZ2 G127.50-30.52	127.5072299	-30.5232970
PSZ2 G127.71-69.55	127.7123661	-69.5599672
PSZ2 G127.86+45.05	127.8601950	 45.0540149
PSZ2 G128.15-24.71	128.1555634	-24.7140380
PSZ2 G128.18-51.08	128.1899847	-51.0896384
PSZ2 G128.26+43.03	128.2667709	 43.0382120
PSZ2 G129.78+16.85	129.7801722	 16.8523092
PSZ2 G129.99-22.42	129.9942367	-22.4231242
PSZ2 G130.13-17.02	130.1371340	-17.0276001
PSZ2 G130.21-62.60	130.2145455	-62.6081762
PSZ2 G130.25-26.50	130.2530057	-26.5085967
PSZ2 G130.64+37.16	130.6496343	 37.1659459
PSZ2 G131.06+29.98	131.0620684	 29.9870278
PSZ2 G131.15-14.72	131.1503418	-14.7238481
PSZ2 G131.19+14.48	131.1957270	 14.4893967
PSZ2 G131.27-25.82	131.2759763	-25.8206242
PSZ2 G132.29+44.51	132.2936299	 44.5150474
PSZ2 G132.47-17.27	132.4798302	-17.2767717
PSZ2 G132.54-42.16	132.5441369	-42.1656968
PSZ2 G133.59+50.68	133.5908259	 50.6807838
PSZ2 G133.60+69.04	133.6007211	 69.0461919
PSZ2 G133.92-42.73	133.9271859	-42.7357240
PSZ2 G134.26-44.28	134.2665989	-44.2869332
PSZ2 G134.52+31.98	134.5296742	 31.9883059
PSZ2 G134.59+53.38	134.5945467	 53.3850054
PSZ2 G134.64-11.80	134.6426843	-11.8007666
PSZ2 G134.70+48.91	134.7012842	 48.9156507
PSZ2 G135.03+36.04	135.0372722	 36.0462657
PSZ2 G135.06+54.39	135.0631831	 54.3958415
PSZ2 G135.17+65.43	135.1749625	 65.4353459
PSZ2 G135.19+57.88	135.1904991	 57.8806415
PSZ2 G135.70+32.52	135.7008734	 32.5285070
PSZ2 G135.76-62.03	135.7628969	-62.0365173
PSZ2 G135.94-68.22	135.9416371	-68.2296812
PSZ2 G136.02-47.15	136.0249600	-47.1542965
PSZ2 G136.31+54.67	136.3125535	 54.6796111
PSZ2 G136.33-44.53	136.3346264	-44.5315604
PSZ2 G136.64-25.03	136.6492506	-25.0324808
PSZ2 G136.91-53.21	136.9109886	-53.2180557
PSZ2 G136.92+59.46	136.9235249	 59.4662335
PSZ2 G137.24+53.93	137.2466899	 53.9360399
PSZ2 G137.51-09.98	137.5133324	 -9.9837993
PSZ2 G137.58+53.88	137.5824165	 53.8826019
PSZ2 G137.74-27.08	137.7440338	-27.0887065
PSZ2 G138.11+42.06	138.1138972	 42.0637721
PSZ2 G138.32-39.82	138.3202257	-39.8212057
PSZ2 G138.61-10.84	138.6180867	-10.8495599
PSZ2 G138.97+40.56	138.9783806	 40.5640436
PSZ2 G139.00+50.92	139.0007017	 50.9265505
PSZ2 G139.18+56.37	139.1842632	 56.3728103
PSZ2 G139.62+24.18	139.6251777	 24.1886305
PSZ2 G139.72-17.13	139.7290321	-17.1356016
PSZ2 G140.63+29.45	140.6360258	 29.4596274
PSZ2 G140.90-52.52	140.9043478	-52.5263866
PSZ2 G141.05-32.61	141.0530835	-32.6140841
PSZ2 G141.59+23.69	141.5964741	 23.6943950
PSZ2 G141.77+14.19	141.7724471	 14.1993461
PSZ2 G141.98+69.31	141.9870516	 69.3137424
PSZ2 G142.18-53.27	142.1841397	-53.2708643
PSZ2 G142.20+37.25	142.2079670	 37.2580856
PSZ2 G142.39+22.80	142.3974037	 22.8059463
PSZ2 G142.41+30.68	142.4149554	 30.6819221
PSZ2 G143.00-77.70	143.0001503	-77.7052128
PSZ2 G143.26+65.24	143.2615374	 65.2486046
PSZ2 G143.44+53.66	143.4460356	 53.6666073
PSZ2 G143.62+42.61	143.6258181	 42.6145572
PSZ2 G143.70-08.59	143.7040678	 -8.5994067
PSZ2 G143.90+25.06	143.9077276	 25.0651029
PSZ2 G144.23-18.19	144.2375334	-18.1963050
PSZ2 G144.33+62.85	144.3392049	 62.8561845
PSZ2 G144.81-49.86	144.8155249	-49.8675679
PSZ2 G144.83+25.11	144.8344088	 25.1173432
PSZ2 G144.84-35.16	144.8420768	-35.1649080
PSZ2 G144.99-24.64	144.9964330	-24.6410506
PSZ2 G145.19+32.14	145.1973914	 32.1428674
PSZ2 G145.25+50.84	145.2502975	 50.8446941
PSZ2 G145.65+59.30	145.6567569	 59.3017927
PSZ2 G145.92-12.53	145.9269852	-12.5323698
PSZ2 G146.00-49.45	146.0023423	-49.4536115
PSZ2 G146.10-55.55	146.1055366	-55.5521363
PSZ2 G146.13+40.97	146.1307066	 40.9712732
PSZ2 G146.16-48.92	146.1642239	-48.9208621
PSZ2 G146.35-15.59	146.3598503	-15.5942462
PSZ2 G146.82+40.97	146.8212226	 40.9764830
PSZ2 G146.88+17.13	146.8890850	 17.1329694
PSZ2 G147.11+21.84	147.1151030	 21.8416857
PSZ2 G147.14-20.56	147.1406125	-20.5648873
PSZ2 G147.17+42.67	147.1700957	 42.6745729
PSZ2 G147.88+53.24	147.8831492	 53.2407015
PSZ2 G148.36+75.23	148.3672873	 75.2367621
PSZ2 G148.60-48.61	148.6087124	-48.6187673
PSZ2 G149.22+54.18	149.2283806	 54.1801192
PSZ2 G149.39-36.84	149.3979988	-36.8456209
PSZ2 G149.63-84.19	149.6357654	-84.1917991
PSZ2 G149.73+24.49	149.7302595	 24.4936774
PSZ2 G149.75+34.68	149.7559362	 34.6868330
PSZ2 G150.24+48.72	150.2453104	 48.7235003
PSZ2 G150.56+46.67	150.5616575	 46.6747441
PSZ2 G150.56+58.32	150.5657009	 58.3279586
PSZ2 G150.64-14.21	150.6459966	-14.2149444
PSZ2 G150.90-39.05	150.9062058	-39.0539024
PSZ2 G151.19+48.27	151.1908272	 48.2714613
PSZ2 G151.62+54.78	151.6217068	 54.7833711
PSZ2 G151.86-75.04	151.8698320	-75.0446744
PSZ2 G151.90+11.63	151.9040287	 11.6301267
PSZ2 G152.33+81.28	152.3342191	 81.2800988
PSZ2 G152.40+75.00	152.4089390	 75.0083804
PSZ2 G152.47+42.11	152.4767583	 42.1188799
PSZ2 G152.70+25.46	152.7061916	 25.4669361
PSZ2 G153.00-58.26	153.0073693	-58.2654500
PSZ2 G153.29+36.56	153.2944013	 36.5662570
PSZ2 G153.56+36.82	153.5645172	 36.8251161
PSZ2 G153.57+36.26	153.5714896	 36.2649620
PSZ2 G153.68+36.96	153.6874331	 36.9657519
PSZ2 G153.80+33.79	153.8005934	 33.7900016
PSZ2 G154.13+40.19	154.1370584	 40.1997712
PSZ2 G155.10-49.97	155.1031868	-49.9706705
PSZ2 G155.27-68.42	155.2746167	-68.4216224
PSZ2 G155.46-60.15	155.4642703	-60.1546513
PSZ2 G155.80+70.40	155.8066827	 70.4095900
PSZ2 G155.95-72.13	155.9513871	-72.1325990
PSZ2 G156.24+22.32	156.2469293	 22.3253792
PSZ2 G156.26+59.64	156.2697997	 59.6498233
PSZ2 G156.88+13.48	156.8846095	 13.4876199
PSZ2 G157.07-33.63	157.0710053	-33.6324345
PSZ2 G157.32-26.77	157.3273970	-26.7745831
PSZ2 G157.43+30.34	157.4308525	 30.3444098
PSZ2 G157.63+78.02	157.6319961	 78.0266331
PSZ2 G157.82+21.28	157.8251731	 21.2809521
PSZ2 G158.35-47.49	158.3578063	-47.4945165
PSZ2 G158.45-42.92	158.4580528	-42.9209317
PSZ2 G159.40-40.67	159.4012610	-40.6794549
PSZ2 G159.86+42.57	159.8615747	 42.5720605
PSZ2 G159.91-73.50	159.9154786	-73.5062320
PSZ2 G160.83+81.66	160.8320763	 81.6658553
PSZ2 G160.83-70.63	160.8398900	-70.6344653
PSZ2 G160.94+44.85	160.9477576	 44.8523584
PSZ2 G161.39+26.27	161.3957855	 26.2754757
PSZ2 G161.73-28.58	161.7320598	-28.5815583
PSZ2 G161.94-48.17	161.9407688	-48.1753373
PSZ2 G162.33+25.03	162.3363913	 25.0378278
PSZ2 G162.49-71.98	162.4943376	-71.9899743
PSZ2 G163.04-27.80	163.0429245	-27.8005176
PSZ2 G163.22-26.48	163.2289714	-26.4898111
PSZ2 G163.61+34.30	163.6198863	 34.3032156
PSZ2 G163.69+53.52	163.6987887	 53.5214657
PSZ2 G163.87+48.54	163.8742363	 48.5461716
PSZ2 G163.89+11.55	163.8942573	 11.5527271
PSZ2 G164.18-38.88	164.1832145	-38.8870039
PSZ2 G164.29+08.94	164.2904232	  8.9462799
PSZ2 G164.31-39.46	164.3116069	-39.4630119
PSZ2 G164.65+46.37	164.6529456	 46.3797539
PSZ2 G164.85-16.55	164.8538832	-16.5521089
PSZ2 G165.06+54.13	165.0631463	 54.1339527
PSZ2 G165.12+14.05	165.1226283	 14.0569505
PSZ2 G165.39+09.22	165.3996697	  9.2202201
PSZ2 G165.41+25.93	165.4142913	 25.9308780
PSZ2 G165.46+66.15	165.4602660	 66.1599749
PSZ2 G165.68+44.01	165.6855611	 44.0180450
PSZ2 G165.76+31.15	165.7691902	 31.1587529
PSZ2 G165.95+41.01	165.9553499	 41.0175996
PSZ2 G166.09+43.38	166.0936911	 43.3817170
PSZ2 G166.27-25.02	166.2724323	-25.0207609
PSZ2 G166.27-24.71	166.2762759	-24.7122892
PSZ2 G166.56-17.69	166.5655277	-17.6998211
PSZ2 G166.62+42.13	166.6221327	 42.1326851
PSZ2 G167.43-53.67	167.4379347	-53.6729472
PSZ2 G167.44-38.06	167.4431513	-38.0693044
PSZ2 G167.63-43.99	167.6370689	-43.9927814
PSZ2 G167.66-65.59	167.6676609	-65.5935713
PSZ2 G167.67+17.63	167.6712540	 17.6339135
PSZ2 G167.98-59.95	167.9881424	-59.9558374
PSZ2 G168.33+69.73	168.3365778	 69.7375547
PSZ2 G169.62+33.84	169.6237919	 33.8421240
PSZ2 G170.22+09.74	170.2216330	  9.7442732
PSZ2 G170.26+73.90	170.2682508	 73.9018011
PSZ2 G170.98+39.45	170.9882458	 39.4558028
PSZ2 G171.08-80.38	171.0883977	-80.3898605
PSZ2 G171.22-26.03	171.2201520	-26.0301745
PSZ2 G171.48+16.17	171.4876418	 16.1717550
PSZ2 G171.79-42.08	171.7907810	-42.0840810
PSZ2 G171.98-40.66	171.9842469	-40.6623774
PSZ2 G172.63+35.15	172.6331279	 35.1521938
PSZ2 G172.74+65.30	172.7473096	 65.3093833
PSZ2 G172.93+21.34	172.9310188	 21.3448236
PSZ2 G172.98-53.55	172.9896197	-53.5543344
PSZ2 G173.07-36.15	173.0749992	-36.1572823
PSZ2 G173.76+22.92	173.7605726	 22.9285464
PSZ2 G173.90-51.89	173.9089733	-51.8927897
PSZ2 G174.40-57.33	174.4088122	-57.3391879
PSZ2 G174.96+23.37	174.9640109	 23.3730414
PSZ2 G175.60+35.47	175.6082207	 35.4754502
PSZ2 G175.69-85.98	175.6907481	-85.9847365
PSZ2 G175.89+24.24	175.8989545	 24.2414044
PSZ2 G176.07-26.95	176.0755696	-26.9539166
PSZ2 G176.25-52.57	176.2560505	-52.5727950
PSZ2 G176.27+37.54	176.2724154	 37.5497021
PSZ2 G176.27-35.04	176.2763519	-35.0457174
PSZ2 G177.03+32.64	177.0337768	 32.6434523
PSZ2 G178.00+42.32	178.0074070	 42.3215169
PSZ2 G178.94+56.00	178.9497447	 56.0027537
PSZ2 G179.09+60.12	179.0965349	 60.1216073
PSZ2 G179.33-22.22	179.3336807	-22.2252417
PSZ2 G179.45-43.92	179.4544748	-43.9278875
PSZ2 G180.25+21.03	180.2562191	 21.0315433
PSZ2 G180.27-29.53	180.2715733	-29.5349631
PSZ2 G180.60+76.65	180.6040921	 76.6505358
PSZ2 G180.74-85.21	180.7459009	-85.2167353
PSZ2 G180.88+31.04	180.8825473	 31.0450734
PSZ2 G181.06+48.47	181.0666366	 48.4782120
PSZ2 G181.44-44.76	181.4484696	-44.7629381
PSZ2 G181.71-68.65	181.7134115	-68.6539698
PSZ2 G181.88-30.77	181.8816380	-30.7743048
PSZ2 G182.42-28.28	182.4277548	-28.2843281
PSZ2 G182.59+55.83	182.5987374	 55.8369555
PSZ2 G183.30+34.98	183.3067739	 34.9886254
PSZ2 G183.32-31.51	183.3227691	-31.5111417
PSZ2 G183.90+42.99	183.9098852	 42.9956207
PSZ2 G183.92-68.82	183.9219573	-68.8288066
PSZ2 G183.92+16.36	183.9219679	 16.3624533
PSZ2 G184.24+43.69	184.2432327	 43.6916316
PSZ2 G184.68+28.91	184.6852826	 28.9116418
PSZ2 G185.08+34.02	185.0812570	 34.0209958
PSZ2 G185.16-53.63	185.1691289	-53.6344070
PSZ2 G185.45-32.01	185.4526947	-32.0190287
PSZ2 G185.50-33.94	185.5025416	-33.9467149
PSZ2 G185.68+09.82	185.6821826	  9.8224589
PSZ2 G185.72-32.23	185.7265312	-32.2398136
PSZ2 G186.24-11.99	186.2471419	-11.9973186
PSZ2 G186.37+37.26	186.3769701	 37.2697751
PSZ2 G186.50-13.45	186.5082461	-13.4539551
PSZ2 G186.61+62.94	186.6129395	 62.9448130
PSZ2 G186.81+07.32	186.8183425	  7.3209940
PSZ2 G186.99+38.65	186.9901022	 38.6584110
PSZ2 G187.53+21.92	187.5332256	 21.9236070
PSZ2 G187.74+20.66	187.7403747	 20.6655256
PSZ2 G188.33-34.98	188.3396619	-34.9837853
PSZ2 G188.38+07.05	188.3856444	  7.0504822
PSZ2 G188.57-68.86	188.5786075	-68.8614440
PSZ2 G189.23+20.55	189.2341339	 20.5599324
PSZ2 G189.31+59.24	189.3178098	 59.2484520
PSZ2 G189.53-25.10	189.5355344	-25.1067890
PSZ2 G189.79-37.25	189.7929117	-37.2581448
PSZ2 G190.61+66.46	190.6189079	 66.4624210
PSZ2 G191.00+06.65	191.0048400	  6.6559577
PSZ2 G191.57+58.88	191.5725448	 58.8840248
PSZ2 G191.63-28.01	191.6369671	-28.0188933
PSZ2 G191.82-26.64	191.8295511	-26.6404519
PSZ2 G192.18+56.12	192.1898163	 56.1299901
PSZ2 G192.40-67.89	192.4008933	-67.8900135
PSZ2 G192.77+33.14	192.7781018	 33.1471437
PSZ2 G192.90+29.63	192.9075375	 29.6388583
PSZ2 G193.31-46.13	193.3153085	-46.1342625
PSZ2 G193.63+54.85	193.6351213	 54.8531489
PSZ2 G193.90+09.41	193.9094357	  9.4181678
PSZ2 G194.36+14.07	194.3693099	 14.0750025
PSZ2 G194.68-49.76	194.6873979	-49.7682783
PSZ2 G194.98+54.12	194.9802511	 54.1272058
PSZ2 G195.03-79.43	195.0379286	-79.4355971
PSZ2 G195.24+29.34	195.2418617	 29.3485769
PSZ2 G195.39-29.08	195.3932297	-29.0882824
PSZ2 G195.60+44.06	195.6042825	 44.0664485
PSZ2 G195.65-17.67	195.6599089	-17.6758475
PSZ2 G195.75-24.32	195.7577842	-24.3206054
PSZ2 G196.65-45.51	196.6577117	-45.5185512
PSZ2 G197.13+33.46	197.1348596	 33.4680781
PSZ2 G198.46+46.01	198.4669651	 46.0169320
PSZ2 G198.47-23.69	198.4768278	-23.6975009
PSZ2 G198.73+13.34	198.7326184	 13.3434824
PSZ2 G198.80-57.57	198.8055785	-57.5740644
PSZ2 G198.90+18.16	198.9021492	 18.1647664
PSZ2 G199.09-16.61	199.0980955	-16.6135294
PSZ2 G199.61+53.41	199.6130615	 53.4106247
PSZ2 G199.73+36.98	199.7354951	 36.9817084
PSZ2 G199.75+46.59	199.7575020	 46.5900975
PSZ2 G200.06+77.22	200.0656118	 77.2268513
PSZ2 G200.63-64.71	200.6309466	-64.7163659
PSZ2 G200.82+27.42	200.8251946	 27.4282956
PSZ2 G200.95-28.16	200.9592464	-28.1646086
PSZ2 G201.20-42.83	201.2025379	-42.8375599
PSZ2 G201.50-27.31	201.5082844	-27.3199874
PSZ2 G201.54+30.62	201.5413753	 30.6284334
PSZ2 G202.50+19.17	202.5051368	 19.1763820
PSZ2 G202.61-26.26	202.6128626	-26.2645046
PSZ2 G202.66+66.98	202.6657493	 66.9806035
PSZ2 G203.18+20.84	203.1828604	 20.8438174
PSZ2 G203.22+66.40	203.2274703	 66.4068686
PSZ2 G203.32+08.91	203.3257426	  8.9113529
PSZ2 G203.71+50.82	203.7124950	 50.8230731
PSZ2 G204.10+16.51	204.1092204	 16.5115427
PSZ2 G204.24+14.51	204.2498267	 14.5174211
PSZ2 G204.73+15.88	204.7399884	 15.8884997
PSZ2 G204.91-69.71	204.9116111	-69.7159179
PSZ2 G205.05-62.95	205.0538115	-62.9534113
PSZ2 G205.48+18.70	205.4895593	 18.7010565
PSZ2 G205.56-44.20	205.5608164	-44.2093467
PSZ2 G205.65+18.10	205.6592120	 18.1054265
PSZ2 G205.90+73.76	205.9040774	 73.7616375
PSZ2 G205.93-39.46	205.9371946	-39.4621169
PSZ2 G206.22+24.89	206.2273713	 24.8902928
PSZ2 G206.45+13.89	206.4595568	 13.8926774
PSZ2 G206.55-43.22	206.5530757	-43.2236867
PSZ2 G206.75-33.21	206.7557138	-33.2105747
PSZ2 G207.88+81.31	207.8885364	 81.3137887
PSZ2 G208.57-44.31	208.5724754	-44.3156775
PSZ2 G208.60-26.00	208.6003159	-26.0063504
PSZ2 G208.61-74.39	208.6123231	-74.3945117
PSZ2 G208.80-30.67	208.8073933	-30.6700039
PSZ2 G209.17-80.38	209.1726445	-80.3836451
PSZ2 G209.53+43.32	209.5339492	 43.3267236
PSZ2 G209.54-36.50	209.5459007	-36.5064006
PSZ2 G209.79+10.23	209.7930882	 10.2305630
PSZ2 G210.01+50.85	210.0153762	 50.8577066
PSZ2 G210.02-56.38	210.0262622	-56.3829045
PSZ2 G210.08-60.96	210.0852671	-60.9677942
PSZ2 G210.22+15.56	210.2240019	 15.5671461
PSZ2 G210.37-37.00	210.3765747	-37.0066300
PSZ2 G210.57-44.61	210.5737600	-44.6157223
PSZ2 G210.64+17.09	210.6485391	 17.0971563
PSZ2 G210.71+63.08	210.7195922	 63.0811701
PSZ2 G210.78-36.25	210.7849107	-36.2529869
PSZ2 G211.21+38.66	211.2123742	 38.6659103
PSZ2 G211.31-60.28	211.3122423	-60.2820159
PSZ2 G212.25-53.20	212.2527976	-53.2032498
PSZ2 G212.44+63.19	212.4439557	 63.1911620
PSZ2 G212.50-61.38	212.5020612	-61.3859657
PSZ2 G212.80+50.63	212.8030634	 50.6374252
PSZ2 G212.82-84.04	212.8262226	-84.0406420
PSZ2 G212.93-54.04	212.9322812	-54.0447964
PSZ2 G213.27+78.38	213.2789133	 78.3856654
PSZ2 G213.30+50.99	213.3054827	 50.9912050
PSZ2 G213.39+80.59	213.3936916	 80.5944966
PSZ2 G213.73-56.15	213.7336074	-56.1572944
PSZ2 G214.08+23.15	214.0865517	 23.1531707
PSZ2 G214.61-22.70	214.6132082	-22.7067476
PSZ2 G215.19-49.65	215.1994805	-49.6519602
PSZ2 G215.24-26.10	215.2476523	-26.1029616
PSZ2 G215.25-87.14	215.2550919	-87.1472672
PSZ2 G215.51+06.58	215.5118251	  6.5846550
PSZ2 G215.61+22.61	215.6116688	 22.6121515
PSZ2 G215.75-32.97	215.7544571	-32.9795764
PSZ2 G216.25+10.10	216.2509608	 10.1030357
PSZ2 G216.44-29.11	216.4420907	-29.1146494
PSZ2 G216.62+47.00	216.6290477	 47.0082076
PSZ2 G216.76-41.84	216.7620741	-41.8471653
PSZ2 G216.80+09.25	216.8089326	  9.2504096
PSZ2 G217.09+40.15	217.0910877	 40.1588904
PSZ2 G217.40+10.88	217.4063693	 10.8850309
PSZ2 G218.54+13.26	218.5484570	 13.2653614
PSZ2 G218.58+08.71	218.5826094	  8.7177159
PSZ2 G218.59+71.31	218.5949099	 71.3145553
PSZ2 G218.81+35.51	218.8186960	 35.5103786
PSZ2 G219.12+44.49	219.1244956	 44.4910478
PSZ2 G219.45-35.90	219.4550299	-35.9046882
PSZ2 G219.88+22.83	219.8841297	 22.8380874
PSZ2 G219.89-34.39	219.8939042	-34.3981642
PSZ2 G220.11+22.91	220.1145608	 22.9141906
PSZ2 G220.53-38.55	220.5354975	-38.5536951
PSZ2 G220.74-58.91	220.7464547	-58.9194068
PSZ2 G220.83+42.20	220.8378255	 42.2023036
PSZ2 G221.06-44.05	221.0688336	-44.0565992
PSZ2 G222.52+20.58	222.5251043	 20.5843640
PSZ2 G222.77+60.67	222.7768735	 60.6790981
PSZ2 G222.78+12.84	222.7833128	 12.8462446
PSZ2 G222.99-65.70	222.9980412	-65.7044965
PSZ2 G223.04-20.27	223.0480919	-20.2784722
PSZ2 G223.16-68.81	223.1695454	-68.8166768
PSZ2 G223.47+26.85	223.4786762	 26.8513654
PSZ2 G223.93-60.10	223.9360019	-60.1073525
PSZ2 G224.00+69.33	224.0012376	 69.3323912
PSZ2 G224.01-11.14	224.0168176	-11.1472810
PSZ2 G224.03-76.42	224.0386759	-76.4267123
PSZ2 G224.37-47.33	224.3760603	-47.3341674
PSZ2 G224.38-24.95	224.3829157	-24.9563458
PSZ2 G224.40-76.54	224.4044327	-76.5475585
PSZ2 G224.53-30.27	224.5374146	-30.2743174
PSZ2 G224.82+13.62	224.8284626	 13.6257673
PSZ2 G224.86-79.51	224.8688564	-79.5162384
PSZ2 G225.18-33.61	225.1846866	-33.6179908
PSZ2 G225.48+29.41	225.4886961	 29.4119259
PSZ2 G225.56-27.27	225.5681536	-27.2787083
PSZ2 G225.76-17.35	225.7604702	-17.3597805
PSZ2 G225.84+41.84	225.8479296	 41.8414148
PSZ2 G225.93-19.99	225.9321007	-19.9952893
PSZ2 G226.12-19.51	226.1216443	-19.5112423
PSZ2 G226.15+09.02	226.1573306	  9.0203415
PSZ2 G226.16-21.95	226.1641881	-21.9552153
PSZ2 G226.18+76.79	226.1828611	 76.7903079
PSZ2 G226.75+48.95	226.7518303	 48.9574172
PSZ2 G227.21+54.79	227.2118435	 54.7967884
PSZ2 G227.30+09.00	227.3015675	  9.0062132
PSZ2 G227.44-31.24	227.4402177	-31.2430158
PSZ2 G227.59+22.98	227.5931457	 22.9871648
PSZ2 G227.61+54.87	227.6119820	 54.8798777
PSZ2 G227.61-84.72	227.6126653	-84.7209316
PSZ2 G227.63-52.28	227.6361606	-52.2854361
PSZ2 G227.89+36.58	227.8902042	 36.5862541
PSZ2 G228.16+75.20	228.1607002	 75.2057066
PSZ2 G228.29+55.08	228.2959815	 55.0865458
PSZ2 G228.30-49.02	228.3075359	-49.0297846
PSZ2 G228.35-66.31	228.3507863	-66.3145071
PSZ2 G228.38+38.58	228.3812555	 38.5816962
PSZ2 G228.50+34.95	228.5026843	 34.9557588
PSZ2 G228.62+68.44	228.6211812	 68.4409257
PSZ2 G229.23-17.23	229.2319129	-17.2323034
PSZ2 G229.37+49.70	229.3785079	 49.7044485
PSZ2 G229.40-15.49	229.4022578	-15.4903798
PSZ2 G229.74+77.96	229.7475035	 77.9637753
PSZ2 G229.93+15.30	229.9303308	 15.3001129
PSZ2 G230.28-24.42	230.2838209	-24.4291122
PSZ2 G230.28-28.57	230.2880503	-28.5767754
PSZ2 G230.29-47.13	230.2963914	-47.1334360
PSZ2 G230.48+71.51	230.4885038	 71.5145336
PSZ2 G230.73+27.70	230.7386253	 27.7081147
PSZ2 G230.76+65.41	230.7613289	 65.4185778
PSZ2 G231.05-17.32	231.0532785	-17.3297975
PSZ2 G231.41+77.48	231.4175716	 77.4827647
PSZ2 G231.56+60.03	231.5681655	 60.0392243
PSZ2 G231.70-07.80	231.7026918	 -7.8047044
PSZ2 G231.74-70.59	231.7438715	-70.5991713
PSZ2 G231.79+31.48	231.7940535	 31.4881736
PSZ2 G232.27+12.59	232.2711012	 12.5901057
PSZ2 G232.45-17.44	232.4557895	-17.4410408
PSZ2 G232.84+38.13	232.8475005	 38.1356698
PSZ2 G233.05+23.67	233.0537863	 23.6759740
PSZ2 G233.12-26.25	233.1250115	-26.2501065
PSZ2 G233.25-30.01	233.2525145	-30.0171001
PSZ2 G233.41-17.13	233.4173436	-17.1388254
PSZ2 G233.43-15.36	233.4392821	-15.3694035
PSZ2 G233.46+25.46	233.4690071	 25.4679561
PSZ2 G233.68+36.14	233.6880376	 36.1478687
PSZ2 G234.06-30.74	234.0637545	-30.7420202
PSZ2 G234.09+10.45	234.0992423	 10.4593940
PSZ2 G234.52+82.85	234.5208986	 82.8560162
PSZ2 G234.59+73.01	234.5933003	 73.0115845
PSZ2 G235.56+23.29	235.5618725	 23.2966341
PSZ2 G235.74-67.98	235.7478736	-67.9880863
PSZ2 G235.96+38.21	235.9624476	 38.2121596
PSZ2 G236.68-37.71	236.6801305	-37.7127187
PSZ2 G236.92-26.65	236.9292524	-26.6525689
PSZ2 G237.41-21.34	237.4169384	-21.3451428
PSZ2 G237.68+57.83	237.6857473	 57.8392039
PSZ2 G238.34+05.94	238.3444508	  5.9450898
PSZ2 G238.69+63.26	238.6956319	 63.2635258
PSZ2 G239.27-26.01	239.2734658	-26.0104079
PSZ2 G239.29+24.75	239.2997757	 24.7545497
PSZ2 G239.43+47.95	239.4348766	 47.9556526
PSZ2 G239.66+06.80	239.6681961	  6.8004549
PSZ2 G239.93-39.97	239.9372445	-39.9709428
PSZ2 G239.97+03.74	239.9742160	  3.7411780
PSZ2 G240.03-19.81	240.0395181	-19.8141139
PSZ2 G240.30-50.34	240.3088862	-50.3472333
PSZ2 G240.39+07.91	240.3931250	  7.9129697
PSZ2 G240.61-60.40	240.6153481	-60.4076443
PSZ2 G240.71-74.03	240.7171219	-74.0341100
PSZ2 G240.80-46.51	240.8084992	-46.5162088
PSZ2 G241.11-28.68	241.1117156	-28.6811758
PSZ2 G241.41-65.88	241.4162702	-65.8810150
PSZ2 G241.76-30.88	241.7618073	-30.8839648
PSZ2 G241.79-24.01	241.7938876	-24.0152960
PSZ2 G241.79+50.30	241.7980619	 50.3026101
PSZ2 G241.91+07.79	241.9188567	  7.7986521
PSZ2 G241.98+19.56	241.9806049	 19.5670450
PSZ2 G241.98+14.87	241.9893676	 14.8705488
PSZ2 G242.09+10.41	242.0901812	 10.4174088
PSZ2 G242.41-37.40	242.4119513	-37.4054949
PSZ2 G242.74-11.66	242.7431199	-11.6660202
PSZ2 G243.00-65.94	243.0001463	-65.9428845
PSZ2 G243.02+42.87	243.0252793	 42.8787170
PSZ2 G243.15-73.84	243.1500626	-73.8482605
PSZ2 G243.34-50.92	243.3402583	-50.9288431
PSZ2 G243.64+67.74	243.6435429	 67.7486918
PSZ2 G244.11-53.59	244.1180097	-53.5925013
PSZ2 G244.12+26.12	244.1229547	 26.1221516
PSZ2 G244.37-32.15	244.3782908	-32.1581466
PSZ2 G244.68+08.63	244.6806066	  8.6376120
PSZ2 G244.71+32.50	244.7135749	 32.5080438
PSZ2 G244.74-28.59	244.7474960	-28.5929968
PSZ2 G244.77+59.80	244.7769751	 59.8054494
PSZ2 G245.47-53.62	245.4768780	-53.6231122
PSZ2 G245.66-07.40	245.6698562	 -7.4099376
PSZ2 G245.70-33.75	245.7021485	-33.7503170
PSZ2 G246.36-30.27	246.3631202	-30.2734978
PSZ2 G246.41+13.14	246.4108237	 13.1488120
PSZ2 G246.45-07.68	246.4512970	 -7.6828110
PSZ2 G246.49-35.31	246.4984945	-35.3119234
PSZ2 G246.50-26.09	246.5074653	-26.0933713
PSZ2 G246.86-12.29	246.8666268	-12.2905823
PSZ2 G246.91+24.65	246.9195074	 24.6520012
PSZ2 G247.14+25.88	247.1464609	 25.8825212
PSZ2 G247.19-23.31	247.1901195	-23.3131730
PSZ2 G247.56-56.06	247.5622885	-56.0672568
PSZ2 G247.69-25.06	247.6975206	-25.0614760
PSZ2 G247.97+33.52	247.9781711	 33.5292748
PSZ2 G247.99-26.37	247.9985407	-26.3777628
PSZ2 G248.95-20.71	248.9560292	-20.7179418
PSZ2 G249.06+31.00	249.0605902	 31.0098383
PSZ2 G249.14+28.98	249.1440943	 28.9897248
PSZ2 G249.38+33.26	249.3838619	 33.2680573
PSZ2 G249.52+18.21	249.5280270	 18.2188578
PSZ2 G249.80-68.11	249.8072522	-68.1107228
PSZ2 G249.80+04.56	249.8094901	  4.5659092
PSZ2 G249.87-21.65	249.8732519	-21.6524570
PSZ2 G249.91-39.86	249.9195192	-39.8643188
PSZ2 G250.04+24.14	250.0455658	 24.1412282
PSZ2 G250.17+73.53	250.1798466	 73.5335539
PSZ2 G250.29-17.29	250.2913806	-17.2918217
PSZ2 G250.43-41.42	250.4351323	-41.4214041
PSZ2 G250.43-09.02	250.4395253	 -9.0296612
PSZ2 G250.47-33.97	250.4727294	-33.9784500
PSZ2 G250.59-25.03	250.5989849	-25.0339914
PSZ2 G250.68+40.76	250.6885697	 40.7625665
PSZ2 G250.73+22.85	250.7355491	 22.8571435
PSZ2 G250.89-36.24	250.8969375	-36.2485183
PSZ2 G251.13-78.15	251.1349909	-78.1573039
PSZ2 G251.21-16.74	251.2150611	-16.7437524
PSZ2 G251.55-42.78	251.5505577	-42.7852799
PSZ2 G252.23-50.62	252.2360165	-50.6224074
PSZ2 G252.45+73.44	252.4574434	 73.4476474
PSZ2 G252.51+20.02	252.5179676	 20.0216179
PSZ2 G252.95-41.35	252.9500865	-41.3589969
PSZ2 G252.95+18.94	252.9549708	 18.9443167
PSZ2 G252.99-56.09	252.9961901	-56.0977463
PSZ2 G253.04+36.83	253.0414060	 36.8333738
PSZ2 G253.13+57.49	253.1350342	 57.4970763
PSZ2 G253.21+34.25	253.2119148	 34.2578256
PSZ2 G253.43+30.57	253.4375834	 30.5771799
PSZ2 G253.44-10.93	253.4424713	-10.9375611
PSZ2 G253.48-33.72	253.4898706	-33.7282773
PSZ2 G253.95+39.12	253.9519248	 39.1232767
PSZ2 G254.08-58.45	254.0889981	-58.4535934
PSZ2 G254.10+19.95	254.1013967	 19.9516221
PSZ2 G254.46-14.44	254.4609325	-14.4432326
PSZ2 G254.51-27.32	254.5153905	-27.3220417
PSZ2 G254.52+08.27	254.5214533	  8.2746487
PSZ2 G254.52+62.52	254.5226756	 62.5250234
PSZ2 G254.64-45.20	254.6414734	-45.2096735
PSZ2 G254.66-34.45	254.6633231	-34.4541382
PSZ2 G254.73-30.52	254.7372686	-30.5274421
PSZ2 G254.90+33.92	254.9040575	 33.9291583
PSZ2 G254.92+82.31	254.9224674	 82.3179317
PSZ2 G254.96+55.88	254.9643774	 55.8873579
PSZ2 G255.07+54.84	255.0765838	 54.8452691
PSZ2 G255.32-56.27	255.3252883	-56.2735521
PSZ2 G255.51+49.96	255.5163924	 49.9682275
PSZ2 G255.52-35.66	255.5266508	-35.6663861
PSZ2 G255.60-46.18	255.6044208	-46.1838224
PSZ2 G255.64-25.30	255.6473144	-25.3020899
PSZ2 G256.24+34.83	256.2495214	 34.8335363
PSZ2 G256.38+44.04	256.3806046	 44.0464293
PSZ2 G256.41+32.31	256.4195629	 32.3192505
PSZ2 G256.53-65.70	256.5327976	-65.7072643
PSZ2 G256.67+42.05	256.6749126	 42.0540629
PSZ2 G257.09+55.61	257.0931238	 55.6127332
PSZ2 G257.32-22.19	257.3280052	-22.1967395
PSZ2 G257.51+57.54	257.5148071	 57.5499407
PSZ2 G257.72+17.85	257.7285433	 17.8514897
PSZ2 G258.33-38.54	258.3381247	-38.5491284
PSZ2 G259.22-19.10	259.2206781	-19.1074226
PSZ2 G259.30+84.41	259.3009738	 84.4153291
PSZ2 G259.58-51.07	259.5839530	-51.0774248
PSZ2 G259.98-18.44	259.9885620	-18.4401796
PSZ2 G259.98-63.43	259.9899875	-63.4393720
PSZ2 G260.52-54.50	260.5211330	-54.5062793
PSZ2 G260.63-28.94	260.6398077	-28.9464760
PSZ2 G260.76-31.27	260.7666231	-31.2700087
PSZ2 G260.80+06.71	260.8015473	  6.7175860
PSZ2 G260.85-62.19	260.8557736	-62.1950129
PSZ2 G261.09-66.14	261.0928603	-66.1456650
PSZ2 G261.11+34.90	261.1146896	 34.9020490
PSZ2 G261.28-36.47	261.2897336	-36.4738069
PSZ2 G261.67-10.97	261.6763412	-10.9735072
PSZ2 G261.88+62.85	261.8880036	 62.8528155
PSZ2 G262.01-32.98	262.0104877	-32.9839995
PSZ2 G262.23+34.48	262.2388701	 34.4802074
PSZ2 G262.27-35.38	262.2710952	-35.3833945
PSZ2 G262.36-25.15	262.3682938	-25.1559111
PSZ2 G262.73-40.92	262.7302752	-40.9279508
PSZ2 G262.83+25.77	262.8318264	 25.7757654
PSZ2 G262.95+45.74	262.9552239	 45.7479744
PSZ2 G263.03-56.19	263.0309179	-56.1931915
PSZ2 G263.14-23.41	263.1495405	-23.4177956
PSZ2 G263.19-25.19	263.1968390	-25.1933828
PSZ2 G263.24-33.18	263.2404357	-33.1886225
PSZ2 G263.65+27.87	263.6596297	 27.8798910
PSZ2 G263.68-22.55	263.6808189	-22.5504799
PSZ2 G263.96+40.64	263.9667580	 40.6479252
PSZ2 G264.40+19.49	264.4019503	 19.4956045
PSZ2 G264.52-17.77	264.5274072	-17.7784180
PSZ2 G264.60-51.07	264.6003119	-51.0757637
PSZ2 G264.83+35.84	264.8385628	 35.8466376
PSZ2 G264.92+44.70	264.9283474	 44.7038379
PSZ2 G265.02-48.96	265.0281967	-48.9601440
PSZ2 G265.10-59.50	265.1038537	-59.5028602
PSZ2 G265.21-24.83	265.2193761	-24.8388242
PSZ2 G265.35+08.06	265.3533183	  8.0622355
PSZ2 G265.49-30.50	265.4928833	-30.5046329
PSZ2 G265.60-46.87	265.6064132	-46.8724011
PSZ2 G265.86-19.93	265.8656716	-19.9367712
PSZ2 G266.04-21.25	266.0407538	-21.2506915
PSZ2 G266.50-25.31	266.5061531	-25.3145189
PSZ2 G266.54-27.31	266.5489606	-27.3186296
PSZ2 G266.83+25.08	266.8307694	 25.0880659
PSZ2 G266.84-14.42	266.8483069	-14.4218422
PSZ2 G267.30-46.19	267.3016389	-46.1945823
PSZ2 G267.55+09.14	267.5540900	  9.1443260
PSZ2 G268.07+09.39	268.0775469	  9.3980674
PSZ2 G268.30+28.89	268.3011243	 28.8967196
PSZ2 G268.34-43.64	268.3423330	-43.6412142
PSZ2 G268.51-28.14	268.5186966	-28.1491177
PSZ2 G269.02+22.27	269.0203603	 22.2759013
PSZ2 G269.02+46.30	269.0232563	 46.3098514
PSZ2 G269.03+44.22	269.0368894	 44.2229725
PSZ2 G269.31-49.87	269.3109807	-49.8706153
PSZ2 G269.36-47.20	269.3602305	-47.2023402
PSZ2 G269.57+15.70	269.5757093	 15.7000001
PSZ2 G269.82-64.35	269.8235654	-64.3519559
PSZ2 G270.07-20.02	270.0777908	-20.0271054
PSZ2 G270.37+69.42	270.3740098	 69.4245326
PSZ2 G270.45-14.50	270.4502536	-14.5046979
PSZ2 G270.63-35.67	270.6343666	-35.6737783
PSZ2 G270.78+36.83	270.7898438	 36.8321375
PSZ2 G270.88+37.23	270.8870510	 37.2336604
PSZ2 G270.93-58.78	270.9356977	-58.7888853
PSZ2 G270.95-31.78	270.9543147	-31.7853328
PSZ2 G271.04-12.16	271.0499965	-12.1649268
PSZ2 G271.15+21.10	271.1504296	 21.1022547
PSZ2 G271.18-30.95	271.1801754	-30.9551780
PSZ2 G271.28-36.11	271.2860726	-36.1172182
PSZ2 G271.53+36.41	271.5307006	 36.4107092
PSZ2 G271.53-56.57	271.5395098	-56.5707742
PSZ2 G271.55+26.00	271.5596453	 26.0077147
PSZ2 G271.60-12.50	271.6081085	-12.5047878
PSZ2 G272.08-29.06	272.0863087	-29.0632574
PSZ2 G272.08-40.16	272.0889457	-40.1645543
PSZ2 G272.11-11.50	272.1160625	-11.5085125
PSZ2 G272.16+33.47	272.1683672	 33.4765031
PSZ2 G272.65+32.50	272.6539936	 32.5025113
PSZ2 G272.85+48.79	272.8548285	 48.7904600
PSZ2 G272.88+19.14	272.8817121	 19.1437405
PSZ2 G273.54-30.28	273.5456742	-30.2855416
PSZ2 G273.59+63.27	273.5932087	 63.2772832
PSZ2 G273.69-68.38	273.6942861	-68.3821011
PSZ2 G274.73-16.79	274.7301946	-16.7904893
PSZ2 G274.73-32.20	274.7390695	-32.2009159
PSZ2 G275.24-40.42	275.2429359	-40.4212328
PSZ2 G275.45-28.87	275.4559795	-28.8727670
PSZ2 G275.64-49.09	275.6461553	-49.0910249
PSZ2 G275.73-06.12	275.7386357	 -6.1264305
PSZ2 G276.09-41.53	276.0947179	-41.5334580
PSZ2 G276.14-07.68	276.1462437	 -7.6845396
PSZ2 G276.46-21.52	276.4670001	-21.5256102
PSZ2 G276.75-59.82	276.7584552	-59.8256526
PSZ2 G277.38+47.07	277.3883080	 47.0730386
PSZ2 G277.76-51.74	277.7645298	-51.7431491
PSZ2 G277.93+12.34	277.9371450	 12.3491229
PSZ2 G278.32-18.77	278.3239795	-18.7752022
PSZ2 G278.33-41.53	278.3336238	-41.5379960
PSZ2 G278.56+10.74	278.5603502	 10.7484798
PSZ2 G278.58+39.16	278.5845297	 39.1696037
PSZ2 G278.74-45.26	278.7404015	-45.2666012
PSZ2 G278.79+08.54	278.7938431	  8.5494462
PSZ2 G278.87+16.70	278.8709262	 16.7071646
PSZ2 G278.91-15.76	278.9176696	-15.7600309
PSZ2 G278.92+31.06	278.9277956	 31.0671061
PSZ2 G278.94-17.62	278.9496990	-17.6239806
PSZ2 G279.02+81.24	279.0246717	 81.2469201
PSZ2 G279.51-44.85	279.5172409	-44.8571264
PSZ2 G279.79+39.09	279.7942809	 39.0963039
PSZ2 G280.17+47.83	280.1752887	 47.8325670
PSZ2 G280.21+14.57	280.2140568	 14.5701639
PSZ2 G280.23-53.84	280.2338644	-53.8464067
PSZ2 G280.39-10.48	280.3979240	-10.4847264
PSZ2 G280.76-52.30	280.7604791	-52.3049981
PSZ2 G280.78-52.22	280.7830935	-52.2204802
PSZ2 G281.09-42.51	281.0948956	-42.5188190
PSZ2 G281.26-46.90	281.2688493	-46.9037040
PSZ2 G281.48-08.34	281.4843119	 -8.3454975
PSZ2 G282.11+38.61	282.1129900	 38.6106626
PSZ2 G282.12+54.04	282.1211428	 54.0414028
PSZ2 G282.14+38.29	282.1407166	 38.2911035
PSZ2 G282.28+49.94	282.2844527	 49.9422606
PSZ2 G282.32-40.15	282.3247219	-40.1536806
PSZ2 G282.67+20.83	282.6754239	 20.8332249
PSZ2 G282.96+14.23	282.9629074	 14.2351363
PSZ2 G283.16-22.91	283.1664270	-22.9169741
PSZ2 G283.26+77.37	283.2664453	 77.3748033
PSZ2 G283.91+73.87	283.9100604	 73.8794081
PSZ2 G284.30-26.75	284.3012693	-26.7575623
PSZ2 G284.41+52.45	284.4102614	 52.4503902
PSZ2 G284.59+70.84	284.5961969	 70.8456258
PSZ2 G284.97-23.69	284.9778406	-23.6940175
PSZ2 G285.18+16.11	285.1884481	 16.1169075
PSZ2 G285.28-47.35	285.2875875	-47.3570312
PSZ2 G285.52-62.23	285.5222564	-62.2380322
PSZ2 G285.63-17.23	285.6323272	-17.2302536
PSZ2 G285.63+72.75	285.6358883	 72.7528827
PSZ2 G285.80-26.46	285.8007964	-26.4693829
PSZ2 G285.85-46.36	285.8557777	-46.3626414
PSZ2 G285.87-74.93	285.8732098	-74.9324353
PSZ2 G286.07-42.75	286.0707098	-42.7503418
PSZ2 G286.28-38.36	286.2843727	-38.3658981
PSZ2 G286.32-30.62	286.3297536	-30.6294053
PSZ2 G286.39+64.06	286.3943885	 64.0645790
PSZ2 G286.62-31.24	286.6204935	-31.2454296
PSZ2 G286.66-23.93	286.6617007	-23.9319335
PSZ2 G286.68+23.18	286.6855069	 23.1881846
PSZ2 G286.75-37.35	286.7579822	-37.3563569
PSZ2 G286.98+32.90	286.9888032	 32.9028095
PSZ2 G287.00-35.24	287.0028773	-35.2474058
PSZ2 G287.05-23.21	287.0572780	-23.2193945
PSZ2 G287.22+18.13	287.2206561	 18.1325720
PSZ2 G287.25+34.96	287.2527420	 34.9618995
PSZ2 G287.46+81.12	287.4624698	 81.1236684
PSZ2 G287.54+58.63	287.5430684	 58.6339921
PSZ2 G287.55-14.25	287.5504996	-14.2584254
PSZ2 G287.56-28.32	287.5616192	-28.3204325
PSZ2 G287.72+26.46	287.7281220	 26.4682514
PSZ2 G287.96-32.99	287.9693312	-32.9954377
PSZ2 G288.06-46.73	288.0649495	-46.7335024
PSZ2 G288.08-14.81	288.0819976	-14.8104481
PSZ2 G288.15-39.04	288.1500855	-39.0416136
PSZ2 G288.27+39.97	288.2717314	 39.9727101
PSZ2 G288.63-37.66	288.6338222	-37.6691173
PSZ2 G288.87-32.97	288.8756770	-32.9789833
PSZ2 G289.13+72.19	289.1334641	 72.1970150
PSZ2 G289.16+55.27	289.1619413	 55.2733874
PSZ2 G289.30-28.95	289.3074701	-28.9504492
PSZ2 G289.50+32.71	289.5044565	 32.7199508
PSZ2 G289.50-47.49	289.5095680	-47.4944280
PSZ2 G290.19+30.16	290.1964475	 30.1650935
PSZ2 G290.38+37.57	290.3884978	 37.5734111
PSZ2 G290.83-45.84	290.8384707	-45.8436926
PSZ2 G291.34+14.70	291.3446697	 14.7039946
PSZ2 G291.34-55.31	291.3473521	-55.3130615
PSZ2 G292.04+22.91	292.0401391	 22.9157230
PSZ2 G292.22-43.33	292.2260330	-43.3370319
PSZ2 G292.40-57.11	292.4083611	-57.1161069
PSZ2 G292.56+21.97	292.5659622	 21.9747036
PSZ2 G292.69-18.32	292.6948673	-18.3264302
PSZ2 G292.74+33.49	292.7456308	 33.4932975
PSZ2 G292.77-23.80	292.7729715	-23.8025834
PSZ2 G292.84-16.57	292.8437510	-16.5781840
PSZ2 G293.01-65.78	293.0102895	-65.7812752
PSZ2 G293.09+43.20	293.0987716	 43.2022451
PSZ2 G293.12-70.85	293.1216847	-70.8513136
PSZ2 G293.17-14.35	293.1754882	-14.3505441
PSZ2 G293.35+07.33	293.3510241	  7.3342508
PSZ2 G293.35-10.50	293.3549760	-10.5083548
PSZ2 G293.63+08.25	293.6389530	  8.2545337
PSZ2 G293.80-40.77	293.8004389	-40.7746107
PSZ2 G293.92-17.26	293.9291505	-17.2667928
PSZ2 G294.28-19.03	294.2823501	-19.0360372
PSZ2 G294.31-14.18	294.3132635	-14.1818092
PSZ2 G294.36-29.53	294.3635040	-29.5385421
PSZ2 G294.37-14.33	294.3724659	-14.3301290
PSZ2 G294.45-13.94	294.4525183	-13.9467387
PSZ2 G294.64+30.15	294.6492518	 30.1591759
PSZ2 G294.68-37.01	294.6843590	-37.0164927
PSZ2 G294.89-37.19	294.8956727	-37.1935193
PSZ2 G295.00-37.76	295.0048588	-37.7612293
PSZ2 G295.19-56.99	295.1903546	-56.9911363
PSZ2 G295.25-21.55	295.2509371	-21.5535099
PSZ2 G295.27+32.25	295.2739634	 32.2576191
PSZ2 G295.34+23.34	295.3483080	 23.3499691
PSZ2 G295.36+24.29	295.3611926	 24.2959912
PSZ2 G295.61-17.50	295.6117172	-17.5086241
PSZ2 G295.63-51.96	295.6358879	-51.9613566
PSZ2 G295.92-39.39	295.9231641	-39.3919369
PSZ2 G296.27-52.05	296.2795121	-52.0526721
PSZ2 G296.42-32.49	296.4239535	-32.4906182
PSZ2 G296.59-10.50	296.5949622	-10.5048817
PSZ2 G296.88-17.07	296.8891518	-17.0751808
PSZ2 G296.91-07.00	296.9122820	 -7.0087508
PSZ2 G297.16-44.90	297.1644553	-44.9064677
PSZ2 G297.31-34.68	297.3117688	-34.6859639
PSZ2 G297.64-11.94	297.6470765	-11.9464951
PSZ2 G297.84+26.03	297.8476899	 26.0319739
PSZ2 G297.91+31.43	297.9154756	 31.4344610
PSZ2 G297.97-67.74	297.9716490	-67.7455280
PSZ2 G298.56+13.53	298.5642343	 13.5360049
PSZ2 G299.38-57.32	299.3889907	-57.3232694
PSZ2 G299.54+17.83	299.5432615	 17.8332203
PSZ2 G299.68-60.21	299.6868096	-60.2114719
PSZ2 G300.98+14.38	300.9862467	 14.3893346
PSZ2 G301.11+60.05	301.1173938	 60.0586810
PSZ2 G301.90+20.17	301.9064579	 20.1786457
PSZ2 G302.41+21.60	302.4125268	 21.6038858
PSZ2 G302.49+21.53	302.4914730	 21.5395344
PSZ2 G302.85-88.63	302.8586747	-88.6304428
PSZ2 G303.00+20.86	303.0016443	 20.8659044
PSZ2 G303.03-68.49	303.0312798	-68.4914981
PSZ2 G303.54+36.49	303.5463617	 36.4997641
PSZ2 G303.56+47.54	303.5650463	 47.5475831
PSZ2 G303.72-48.28	303.7244915	-48.2821543
PSZ2 G303.75-32.86	303.7501665	-32.8640188
PSZ2 G303.75+33.70	303.7537073	 33.7046543
PSZ2 G303.98-18.29	303.9871512	-18.2907315
PSZ2 G304.44+32.48	304.4474314	 32.4873756
PSZ2 G304.65-31.66	304.6583066	-31.6678241
PSZ2 G304.84-41.40	304.8442907	-41.4081397
PSZ2 G304.84+69.84	304.8450304	 69.8406369
PSZ2 G304.91+45.43	304.9153267	 45.4384662
PSZ2 G304.95-18.60	304.9507070	-18.6072000
PSZ2 G305.14-33.60	305.1409280	-33.6080756
PSZ2 G305.39-40.24	305.3910632	-40.2434966
PSZ2 G305.55-42.77	305.5519563	-42.7775024
PSZ2 G305.59-54.80	305.5983197	-54.8052016
PSZ2 G305.76+44.79	305.7693589	 44.7920720
PSZ2 G305.88-44.56	305.8845578	-44.5639064
PSZ2 G305.96-25.45	305.9613756	-25.4561190
PSZ2 G305.96-37.15	305.9628938	-37.1543237
PSZ2 G306.02+34.47	306.0202522	 34.4723846
PSZ2 G306.22-53.56	306.2223584	-53.5668150
PSZ2 G306.23+11.92	306.2312582	 11.9217922
PSZ2 G306.50+38.50	306.5066515	 38.5058925
PSZ2 G306.62-41.25	306.6296365	-41.2577191
PSZ2 G306.66+61.06	306.6654189	 61.0697189
PSZ2 G306.77+58.61	306.7786139	 58.6108082
PSZ2 G307.23+16.35	307.2328645	 16.3556914
PSZ2 G307.56-10.74	307.5681995	-10.7436783
PSZ2 G307.72-77.87	307.7210955	-77.8726180
PSZ2 G308.04-15.48	308.0445915	-15.4871764
PSZ2 G308.33-20.21	308.3382896	-20.2194115
PSZ2 G308.44+24.24	308.4488294	 24.2408033
PSZ2 G308.64+60.26	308.6459313	 60.2619779
PSZ2 G308.85-50.61	308.8539689	-50.6185276
PSZ2 G309.39+13.26	309.3981437	 13.2638219
PSZ2 G309.43-72.86	309.4344649	-72.8605977
PSZ2 G309.49+37.31	309.4978816	 37.3115102
PSZ2 G309.62-19.95	309.6285670	-19.9588944
PSZ2 G310.22+23.02	310.2260993	 23.0243671
PSZ2 G310.81+83.91	310.8124643	 83.9117836
PSZ2 G311.18-47.76	311.1838099	-47.7635297
PSZ2 G311.23-23.00	311.2305248	-23.0033291
PSZ2 G311.33-48.50	311.3319615	-48.5066058
PSZ2 G311.62-42.31	311.6276292	-42.3155297
PSZ2 G311.91-78.80	311.9133314	-78.8096065
PSZ2 G311.98+30.71	311.9886668	 30.7159219
PSZ2 G312.35+17.84	312.3516763	 17.8490879
PSZ2 G312.48-28.86	312.4897852	-28.8623620
PSZ2 G312.62+35.05	312.6243154	 35.0502982
PSZ2 G312.63-66.40	312.6303807	-66.4010199
PSZ2 G312.94+55.38	312.9406198	 55.3861640
PSZ2 G313.00-30.01	313.0031919	-30.0116271
PSZ2 G313.33+61.13	313.3307481	 61.1308770
PSZ2 G313.33+30.29	313.3322737	 30.2995644
PSZ2 G313.55+41.93	313.5582480	 41.9357812
PSZ2 G313.84+19.21	313.8475054	 19.2191714
PSZ2 G313.88-17.11	313.8867691	-17.1133554
PSZ2 G314.26-55.35	314.2664296	-55.3588669
PSZ2 G314.46+13.54	314.4613357	 13.5484768
PSZ2 G314.77-28.57	314.7718907	-28.5754308
PSZ2 G314.96+10.06	314.9621798	 10.0630586
PSZ2 G315.36+38.54	315.3603066	 38.5459813
PSZ2 G315.56-37.04	315.5665207	-37.0495497
PSZ2 G315.66-28.64	315.6668559	-28.6471461
PSZ2 G315.68-18.04	315.6899100	-18.0463116
PSZ2 G315.71-83.81	315.7133330	-83.8188974
PSZ2 G316.31+28.53	316.3165538	 28.5360310
PSZ2 G316.43+54.02	316.4305338	 54.0221356
PSZ2 G316.51-33.21	316.5199273	-33.2123916
PSZ2 G316.89-32.24	316.8985721	-32.2460289
PSZ2 G317.52+59.94	317.5252773	 59.9474848
PSZ2 G317.58-17.82	317.5886404	-17.8250667
PSZ2 G317.79+26.63	317.7994638	 26.6348770
PSZ2 G318.05-58.88	318.0523688	-58.8829657
PSZ2 G318.14-29.57	318.1421825	-29.5724333
PSZ2 G318.25+73.24	318.2583182	 73.2414396
PSZ2 G318.46+83.79	318.4607936	 83.7927687
PSZ2 G318.54-07.62	318.5416239	 -7.6298119
PSZ2 G318.62+58.55	318.6209101	 58.5596687
PSZ2 G319.16+26.63	319.1680202	 26.6382191
PSZ2 G319.19-48.59	319.1996692	-48.5971939
PSZ2 G319.27-19.57	319.2725967	-19.5762681
PSZ2 G319.41-27.54	319.4158257	-27.5499336
PSZ2 G319.64-65.11	319.6469858	-65.1188539
PSZ2 G320.94+83.69	320.9424867	 83.6935481
PSZ2 G321.08-17.96	321.0822205	-17.9601762
PSZ2 G321.30+50.63	321.3058761	 50.6342660
PSZ2 G321.94+75.57	321.9406820	 75.5785109
PSZ2 G321.98-47.96	321.9828287	-47.9670337
PSZ2 G322.44+20.29	322.4464552	 20.2925715
PSZ2 G322.63-49.15	322.6348384	-49.1532209
PSZ2 G322.74-42.10	322.7470856	-42.1025370
PSZ2 G322.77+59.52	322.7766703	 59.5290323
PSZ2 G323.08-63.98	323.0829517	-63.9892963
PSZ2 G323.30+63.66	323.3016458	 63.6686629
PSZ2 G323.31+27.37	323.3163207	 27.3765295
PSZ2 G323.39+81.61	323.3963979	 81.6177135
PSZ2 G323.70-25.45	323.7026362	-25.4581324
PSZ2 G323.77-33.80	323.7758285	-33.8008943
PSZ2 G323.96+43.81	323.9611903	 43.8155568
PSZ2 G324.04+48.79	324.0448491	 48.7955714
PSZ2 G324.54-44.97	324.5415329	-44.9792888
PSZ2 G324.59-11.52	324.5979374	-11.5223609
PSZ2 G324.69+62.17	324.6956911	 62.1705428
PSZ2 G324.99-49.26	324.9953575	-49.2617893
PSZ2 G325.17-07.05	325.1750884	 -7.0582517
PSZ2 G325.19+49.12	325.1927376	 49.1250198
PSZ2 G325.25-33.72	325.2569414	-33.7224018
PSZ2 G325.70+17.34	325.7066957	 17.3404339
PSZ2 G325.86-33.56	325.8690002	-33.5619600
PSZ2 G325.99-59.48	325.9914092	-59.4801534
PSZ2 G326.01+17.21	326.0134711	 17.2112326
PSZ2 G326.71+50.30	326.7128027	 50.3046168
PSZ2 G326.73+54.80	326.7341137	 54.8041771
PSZ2 G327.27+11.05	327.2788686	 11.0536000
PSZ2 G327.29+09.99	327.2999603	  9.9955012
PSZ2 G327.53+25.88	327.5322857	 25.8868167
PSZ2 G327.66-54.26	327.6606762	-54.2634034
PSZ2 G328.05+15.79	328.0598325	 15.7936420
PSZ2 G328.24+18.21	328.2418434	 18.2141996
PSZ2 G328.31-09.71	328.3121956	 -9.7108155
PSZ2 G328.58-25.25	328.5888989	-25.2517515
PSZ2 G328.96+71.97	328.9611716	 71.9752332
PSZ2 G329.29+29.18	329.2997850	 29.1831965
PSZ2 G329.36-09.90	329.3622314	 -9.9087790
PSZ2 G329.48-22.67	329.4876152	-22.6740722
PSZ2 G329.53-54.73	329.5368054	-54.7366552
PSZ2 G329.57-17.96	329.5736210	-17.9664599
PSZ2 G330.07+28.11	330.0756125	 28.1106314
PSZ2 G330.53-40.56	330.5360766	-40.5605823
PSZ2 G331.10+40.81	331.1076815	 40.8101251
PSZ2 G331.12+62.31	331.1283984	 62.3161537
PSZ2 G331.96-45.74	331.9664098	-45.7493921
PSZ2 G332.11-23.63	332.1121652	-23.6397917
PSZ2 G332.23-46.37	332.2394461	-46.3782038
PSZ2 G332.29-23.57	332.2933476	-23.5730890
PSZ2 G332.36+62.19	332.3622164	 62.1900510
PSZ2 G332.87-19.26	332.8727663	-19.2659717
PSZ2 G333.59+73.19	333.5935698	 73.1905049
PSZ2 G333.89-43.60	333.8978904	-43.6084949
PSZ2 G335.14+30.70	335.1426840	 30.7012060
PSZ2 G335.58-46.44	335.5826685	-46.4492970
PSZ2 G336.01-51.27	336.0172275	-51.2712006
PSZ2 G336.60-55.43	336.6037088	-55.4351609
PSZ2 G336.95-45.75	336.9555442	-45.7597135
PSZ2 G337.01+38.30	337.0100031	 38.3046956
PSZ2 G337.12-66.02	337.1221821	-66.0237461
PSZ2 G337.14-25.98	337.1421707	-25.9857048
PSZ2 G337.23-12.59	337.2335341	-12.5974686
PSZ2 G337.90+23.58	337.9055299	 23.5874042
PSZ2 G337.91-12.15	337.9151944	-12.1548501
PSZ2 G337.92-64.34	337.9211352	-64.3442370
PSZ2 G337.95+22.70	337.9583365	 22.7072591
PSZ2 G337.99-33.61	337.9916379	-33.6166978
PSZ2 G338.04+23.65	338.0481967	 23.6530368
PSZ2 G338.21+23.46	338.2143791	 23.4683094
PSZ2 G338.25+22.60	338.2504984	 22.6022017
PSZ2 G338.52+22.97	338.5245677	 22.9747482
PSZ2 G339.47+63.56	339.4757833	 63.5698658
PSZ2 G339.63-69.34	339.6332862	-69.3446893
PSZ2 G339.74-51.08	339.7474609	-51.0853847
PSZ2 G340.09+22.89	340.0980955	 22.8912672
PSZ2 G340.35-42.80	340.3525975	-42.8010082
PSZ2 G340.36+60.58	340.3660369	 60.5825550
PSZ2 G340.46-52.20	340.4646944	-52.2051885
PSZ2 G340.88-33.36	340.8822087	-33.3681361
PSZ2 G340.94+35.07	340.9409682	 35.0731999
PSZ2 G340.97+34.18	340.9734253	 34.1889841
PSZ2 G341.09-33.15	341.0966905	-33.1523856
PSZ2 G341.16+34.81	341.1688882	 34.8150929
PSZ2 G341.19-36.12	341.1959301	-36.1221340
PSZ2 G341.44-40.19	341.4405009	-40.1921482
PSZ2 G341.69+50.67	341.6996164	 50.6713714
PSZ2 G342.32+23.51	342.3256934	 23.5198973
PSZ2 G342.33-34.93	342.3376845	-34.9363299
PSZ2 G342.45+24.14	342.4593771	 24.1414470
PSZ2 G342.51-50.97	342.5186008	-50.9768455
PSZ2 G342.62-39.60	342.6272635	-39.6030166
PSZ2 G342.82-30.48	342.8231554	-30.4877832
PSZ2 G343.33+83.19	343.3358059	 83.1982686
PSZ2 G343.46+52.65	343.4690306	 52.6545809
PSZ2 G343.68+24.10	343.6893431	 24.1022457
PSZ2 G343.92+22.67	343.9205831	 22.6726008
PSZ2 G344.99-81.88	344.9960566	-81.8811764
PSZ2 G345.32-59.97	345.3281951	-59.9750011
PSZ2 G345.38-25.32	345.3824190	-25.3214597
PSZ2 G345.38-39.32	345.3865198	-39.3297822
PSZ2 G345.82-34.29	345.8206499	-34.2915501
PSZ2 G346.30-30.35	346.3002334	-30.3579841
PSZ2 G346.36-77.71	346.3677462	-77.7157433
PSZ2 G346.61+35.06	346.6170821	 35.0641587
PSZ2 G346.86-45.38	346.8695767	-45.3890849
PSZ2 G347.17-27.36	347.1762438	-27.3607171
PSZ2 G347.27-52.46	347.2767336	-52.4620776
PSZ2 G347.58-35.35	347.5880814	-35.3517063
PSZ2 G347.96+80.46	347.9625360	 80.4651706
PSZ2 G348.43-25.50	348.4315547	-25.5096731
PSZ2 G348.46-64.83	348.4681428	-64.8322534
PSZ2 G348.90-67.37	348.9068624	-67.3735705
PSZ2 G349.12+67.62	349.1216883	 67.6219918
PSZ2 G349.18+38.66	349.1887410	 38.6666418
PSZ2 G349.46-59.95	349.4682681	-59.9562841
PSZ2 G349.50-06.85	349.5002926	 -6.8596430
PSZ2 G350.12+45.29	350.1283515	 45.2917504
PSZ2 G351.76-54.71	351.7619914	-54.7197290
PSZ2 G352.05-24.01	352.0503528	-24.0119492
PSZ2 G352.28-77.66	352.2841255	-77.6657607
PSZ2 G353.36-26.49	353.3695902	-26.4967720
PSZ2 G355.07+46.20	355.0732306	 46.2092906
PSZ2 G355.07+55.32	355.0742980	 55.3200743
PSZ2 G355.22-70.03	355.2299152	-70.0314415
PSZ2 G355.50+54.72	355.5086108	 54.7241527
PSZ2 G356.04-49.50	356.0406472	-49.5015582
PSZ2 G356.05+70.99	356.0569965	 70.9916689
PSZ2 G356.21-43.11	356.2118681	-43.1182232
PSZ2 G356.25-76.07	356.2527525	-76.0711014
PSZ2 G356.53+28.66	356.5355766	 28.6645894
PSZ2 G356.88-11.33	356.8803621	-11.3345921
PSZ2 G357.43+69.50	357.4348912	 69.5030953
PSZ2 G357.75-41.77	357.7556503	-41.7708113
PSZ2 G358.21-87.49	358.2141201	-87.4986807
PSZ2 G358.34-47.31	358.3416040	-47.3189972
PSZ2 G358.80-10.83	358.8053280	-10.8336114
PSZ2 G358.94-70.57	358.9416971	-70.5710282
PSZ2 G358.98-67.26	358.9881348	-67.2634477
PSZ2 G359.07-32.12	359.0706554	-32.1293023
PSZ2 G359.60-08.72	359.6093823	 -8.7205682
PSZ2 G359.67-07.23	359.6765220	 -7.2336339
